status,date_time,seconds,state
ok,02/06/2009 12:09:36,94488,dry
ok,03/06/2009 14:24:24,78312,dry
ok,04/06/2009 12:09:36,15459,dry
ok,04/06/2009 16:27:15,486,wet
ok,04/06/2009 16:35:21,1086,dry
ok,04/06/2009 16:53:27,1248,wet
ok,04/06/2009 17:14:15,2946,dry
ok,04/06/2009 18:03:21,18,wet
ok,04/06/2009 18:03:39,25857,dry
ok,05/06/2009 01:14:36,156,wet
ok,05/06/2009 01:17:12,12,dry
ok,05/06/2009 01:17:24,834,wet
ok,05/06/2009 01:31:18,7155,dry
ok,05/06/2009 03:30:33,879,wet
ok,05/06/2009 03:45:12,9414,dry
ok,05/06/2009 06:22:06,15,wet
ok,05/06/2009 06:22:21,24,dry
ok,05/06/2009 06:22:45,111,wet
ok,05/06/2009 06:24:36,7578,dry
ok,05/06/2009 08:30:54,96,wet
ok,05/06/2009 08:32:30,30,dry
ok,05/06/2009 08:33:00,1992,wet
ok,05/06/2009 09:06:12,9,dry
ok,05/06/2009 09:06:21,975,wet
ok,05/06/2009 09:22:36,9705,dry
ok,05/06/2009 12:04:21,162,wet
ok,05/06/2009 12:07:03,6,dry
ok,05/06/2009 12:07:09,69,wet
ok,05/06/2009 12:08:18,2493,dry
ok,05/06/2009 12:49:51,417,wet
ok,05/06/2009 12:56:48,663,dry
ok,05/06/2009 13:07:51,12,wet
ok,05/06/2009 13:08:03,1962,dry
ok,05/06/2009 13:40:45,36,wet
ok,05/06/2009 13:41:21,13146,dry
ok,05/06/2009 17:20:27,177,wet
ok,05/06/2009 17:23:24,6,dry
ok,05/06/2009 17:23:30,204,wet
ok,05/06/2009 17:26:54,9855,dry
ok,05/06/2009 20:11:09,6,wet
ok,05/06/2009 20:11:15,21,dry
ok,05/06/2009 20:11:36,12,wet
ok,05/06/2009 20:11:48,12,dry
ok,05/06/2009 20:12:00,258,wet
ok,05/06/2009 20:16:18,21711,dry
ok,06/06/2009 02:18:09,33,wet
ok,06/06/2009 02:18:42,6,dry
ok,06/06/2009 02:18:48,567,wet
ok,06/06/2009 02:28:15,20658,dry
ok,06/06/2009 08:12:33,18,wet
ok,06/06/2009 08:12:51,6,dry
ok,06/06/2009 08:12:57,9,wet
ok,06/06/2009 08:13:06,18,dry
ok,06/06/2009 08:13:24,39,wet
ok,06/06/2009 08:14:03,15,dry
ok,06/06/2009 08:14:18,15,wet
ok,06/06/2009 08:14:33,21,dry
ok,06/06/2009 08:14:54,36,wet
ok,06/06/2009 08:15:30,12,dry
ok,06/06/2009 08:15:42,15,wet
ok,06/06/2009 08:15:57,9,dry
ok,06/06/2009 08:16:06,366,wet
ok,06/06/2009 08:22:12,90,dry
ok,06/06/2009 08:23:42,354,wet
ok,06/06/2009 08:29:36,6,dry
ok,06/06/2009 08:29:42,270,wet
ok,06/06/2009 08:34:12,204,dry
ok,06/06/2009 08:37:36,315,wet
ok,06/06/2009 08:42:51,9,dry
ok,06/06/2009 08:43:00,417,wet
ok,06/06/2009 08:49:57,6,dry
ok,06/06/2009 08:50:03,186,wet
ok,06/06/2009 08:53:09,138,dry
ok,06/06/2009 08:55:27,75,wet
ok,06/06/2009 08:56:42,6,dry
ok,06/06/2009 08:56:48,111,wet
ok,06/06/2009 08:58:39,45,dry
ok,06/06/2009 08:59:24,21,wet
ok,06/06/2009 08:59:45,207,dry
ok,06/06/2009 09:03:12,1395,wet
ok,06/06/2009 09:26:27,1944,dry
ok,06/06/2009 09:58:51,180,wet
ok,06/06/2009 10:01:51,6,dry
ok,06/06/2009 10:01:57,669,wet
ok,06/06/2009 10:13:06,735,dry
ok,06/06/2009 10:25:21,858,wet
ok,06/06/2009 10:39:39,789,dry
ok,06/06/2009 10:52:48,426,wet
ok,06/06/2009 10:59:54,528,dry
ok,06/06/2009 11:08:42,909,wet
ok,06/06/2009 11:23:51,561,dry
ok,06/06/2009 11:33:12,1458,wet
ok,06/06/2009 11:57:30,486,dry
ok,06/06/2009 12:05:36,240,wet
ok,06/06/2009 12:09:36,351,wet
ok,06/06/2009 12:15:27,126,dry
ok,06/06/2009 12:17:33,1224,wet
ok,06/06/2009 12:37:57,222,dry
ok,06/06/2009 12:41:39,54,wet
ok,06/06/2009 12:42:33,321,dry
ok,06/06/2009 12:47:54,135,wet
ok,06/06/2009 12:50:09,168,dry
ok,06/06/2009 12:52:57,3102,wet
ok,06/06/2009 13:44:39,1551,dry
ok,06/06/2009 14:10:30,183,wet
ok,06/06/2009 14:13:33,456,dry
ok,06/06/2009 14:21:09,1404,wet
ok,06/06/2009 14:44:33,759,dry
ok,06/06/2009 14:57:12,1908,wet
ok,06/06/2009 15:29:00,582,dry
ok,06/06/2009 15:38:42,1299,wet
ok,06/06/2009 16:00:21,192,dry
ok,06/06/2009 16:03:33,603,wet
ok,06/06/2009 16:13:36,51,dry
ok,06/06/2009 16:14:27,528,wet
ok,06/06/2009 16:23:15,60,dry
ok,06/06/2009 16:24:15,81,wet
ok,06/06/2009 16:25:36,93,dry
ok,06/06/2009 16:27:09,369,wet
ok,06/06/2009 16:33:18,30,dry
ok,06/06/2009 16:33:48,615,wet
ok,06/06/2009 16:44:03,60,dry
ok,06/06/2009 16:45:03,48,wet
ok,06/06/2009 16:45:51,177,dry
ok,06/06/2009 16:48:48,48,wet
ok,06/06/2009 16:49:36,51,dry
ok,06/06/2009 16:50:27,498,wet
ok,06/06/2009 16:58:45,186,dry
ok,06/06/2009 17:01:51,54,wet
ok,06/06/2009 17:02:45,6,dry
ok,06/06/2009 17:02:51,66,wet
ok,06/06/2009 17:03:57,12,dry
ok,06/06/2009 17:04:09,396,wet
ok,06/06/2009 17:10:45,6,dry
ok,06/06/2009 17:10:51,192,wet
ok,06/06/2009 17:14:03,834,dry
ok,06/06/2009 17:27:57,147,wet
ok,06/06/2009 17:30:24,6,dry
ok,06/06/2009 17:30:30,114,wet
ok,06/06/2009 17:32:24,6,dry
ok,06/06/2009 17:32:30,159,wet
ok,06/06/2009 17:35:09,9,dry
ok,06/06/2009 17:35:18,108,wet
ok,06/06/2009 17:37:06,12,dry
ok,06/06/2009 17:37:18,471,wet
ok,06/06/2009 17:45:09,18,dry
ok,06/06/2009 17:45:27,486,wet
ok,06/06/2009 17:53:33,231,dry
ok,06/06/2009 17:57:24,1536,wet
ok,06/06/2009 18:23:00,129,dry
ok,06/06/2009 18:25:09,540,wet
ok,06/06/2009 18:34:09,612,dry
ok,06/06/2009 18:44:21,441,wet
ok,06/06/2009 18:51:42,93,dry
ok,06/06/2009 18:53:15,438,wet
ok,06/06/2009 19:00:33,42,dry
ok,06/06/2009 19:01:15,552,wet
ok,06/06/2009 19:10:27,21,dry
ok,06/06/2009 19:10:48,63,wet
ok,06/06/2009 19:11:51,6,dry
ok,06/06/2009 19:11:57,1266,wet
ok,06/06/2009 19:33:03,150,dry
ok,06/06/2009 19:35:33,435,wet
ok,06/06/2009 19:42:48,6,dry
ok,06/06/2009 19:42:54,1392,wet
ok,06/06/2009 20:06:06,189,dry
ok,06/06/2009 20:09:15,1431,wet
ok,06/06/2009 20:33:06,45,dry
ok,06/06/2009 20:33:51,810,wet
ok,06/06/2009 20:47:21,21,dry
ok,06/06/2009 20:47:42,11019,wet
ok,06/06/2009 23:51:21,6,dry
ok,06/06/2009 23:51:27,6,wet
ok,06/06/2009 23:51:33,6,dry
ok,06/06/2009 23:51:39,6,wet
ok,06/06/2009 23:51:45,21,dry
ok,06/06/2009 23:52:06,12,wet
ok,06/06/2009 23:52:18,1644,dry
ok,07/06/2009 00:19:42,225,wet
ok,07/06/2009 00:23:27,6,dry
ok,07/06/2009 00:23:33,147,wet
ok,07/06/2009 00:26:00,21,dry
ok,07/06/2009 00:26:21,42,wet
ok,07/06/2009 00:27:03,6,dry
ok,07/06/2009 00:27:09,2481,wet
ok,07/06/2009 01:08:30,27,dry
ok,07/06/2009 01:08:57,81,wet
ok,07/06/2009 01:10:18,6,dry
ok,07/06/2009 01:10:24,27,wet
ok,07/06/2009 01:10:51,4794,dry
ok,07/06/2009 02:30:45,12,wet
ok,07/06/2009 02:30:57,30,dry
ok,07/06/2009 02:31:27,42,wet
ok,07/06/2009 02:32:09,36,dry
ok,07/06/2009 02:32:45,12,wet
ok,07/06/2009 02:32:57,12,dry
ok,07/06/2009 02:33:09,57,wet
ok,07/06/2009 02:34:06,9,dry
ok,07/06/2009 02:34:15,36,wet
ok,07/06/2009 02:34:51,75,dry
ok,07/06/2009 02:36:06,24,wet
ok,07/06/2009 02:36:30,375,dry
ok,07/06/2009 02:42:45,114,wet
ok,07/06/2009 02:44:39,12,dry
ok,07/06/2009 02:44:51,33,wet
ok,07/06/2009 02:45:24,96,dry
ok,07/06/2009 02:47:00,150,wet
ok,07/06/2009 02:49:30,684,dry
ok,07/06/2009 03:00:54,39,wet
ok,07/06/2009 03:01:33,6,dry
ok,07/06/2009 03:01:39,234,wet
ok,07/06/2009 03:05:33,33,dry
ok,07/06/2009 03:06:06,6,wet
ok,07/06/2009 03:06:12,39,dry
ok,07/06/2009 03:06:51,33,wet
ok,07/06/2009 03:07:24,18,dry
ok,07/06/2009 03:07:42,12,wet
ok,07/06/2009 03:07:54,51,dry
ok,07/06/2009 03:08:45,9,wet
ok,07/06/2009 03:08:54,18,dry
ok,07/06/2009 03:09:12,6,wet
ok,07/06/2009 03:09:18,2403,dry
ok,07/06/2009 03:49:21,6,wet
ok,07/06/2009 03:49:27,9,dry
ok,07/06/2009 03:49:36,84,wet
ok,07/06/2009 03:51:00,18,dry
ok,07/06/2009 03:51:18,18,wet
ok,07/06/2009 03:51:36,45,dry
ok,07/06/2009 03:52:21,21,wet
ok,07/06/2009 03:52:42,3105,dry
ok,07/06/2009 04:44:27,9,wet
ok,07/06/2009 04:44:36,6,dry
ok,07/06/2009 04:44:42,108,wet
ok,07/06/2009 04:46:30,9,dry
ok,07/06/2009 04:46:39,9,wet
ok,07/06/2009 04:46:48,15,dry
ok,07/06/2009 04:47:03,123,wet
ok,07/06/2009 04:49:06,6,dry
ok,07/06/2009 04:49:12,33,wet
ok,07/06/2009 04:49:45,9,dry
ok,07/06/2009 04:49:54,12,wet
ok,07/06/2009 04:50:06,9,dry
ok,07/06/2009 04:50:15,21,wet
ok,07/06/2009 04:50:36,39,dry
ok,07/06/2009 04:51:15,21,wet
ok,07/06/2009 04:51:36,6,dry
ok,07/06/2009 04:51:42,12,wet
ok,07/06/2009 04:51:54,6,dry
ok,07/06/2009 04:52:00,81,wet
ok,07/06/2009 04:53:21,6,dry
ok,07/06/2009 04:53:27,39,wet
ok,07/06/2009 04:54:06,6,dry
ok,07/06/2009 04:54:12,6,wet
ok,07/06/2009 04:54:18,6,dry
ok,07/06/2009 04:54:24,12,wet
ok,07/06/2009 04:54:36,6,dry
ok,07/06/2009 04:54:42,69,wet
ok,07/06/2009 04:55:51,7038,dry
ok,07/06/2009 06:53:09,6,wet
ok,07/06/2009 06:53:15,18,dry
ok,07/06/2009 06:53:33,96,wet
ok,07/06/2009 06:55:09,9,dry
ok,07/06/2009 06:55:18,6,wet
ok,07/06/2009 06:55:24,6,dry
ok,07/06/2009 06:55:30,18,wet
ok,07/06/2009 06:55:48,36,dry
ok,07/06/2009 06:56:24,93,wet
ok,07/06/2009 06:57:57,6,dry
ok,07/06/2009 06:58:03,6,wet
ok,07/06/2009 06:58:09,63,dry
ok,07/06/2009 06:59:12,27,wet
ok,07/06/2009 06:59:39,9,dry
ok,07/06/2009 06:59:48,15,wet
ok,07/06/2009 07:00:03,36,dry
ok,07/06/2009 07:00:39,63,wet
ok,07/06/2009 07:01:42,4488,dry
ok,07/06/2009 08:16:30,9,wet
ok,07/06/2009 08:16:39,6,dry
ok,07/06/2009 08:16:45,5898,wet
ok,07/06/2009 09:55:03,39,dry
ok,07/06/2009 09:55:42,60,wet
ok,07/06/2009 09:56:42,60,dry
ok,07/06/2009 09:57:42,465,wet
ok,07/06/2009 10:05:27,18,dry
ok,07/06/2009 10:05:45,33,wet
ok,07/06/2009 10:06:18,12,dry
ok,07/06/2009 10:06:30,24,wet
ok,07/06/2009 10:06:54,6,dry
ok,07/06/2009 10:07:00,36,wet
ok,07/06/2009 10:07:36,21,dry
ok,07/06/2009 10:07:57,9,wet
ok,07/06/2009 10:08:06,2424,dry
ok,07/06/2009 10:48:30,90,wet
ok,07/06/2009 10:50:00,6,dry
ok,07/06/2009 10:50:06,168,wet
ok,07/06/2009 10:52:54,6,dry
ok,07/06/2009 10:53:00,6,wet
ok,07/06/2009 10:53:06,24,dry
ok,07/06/2009 10:53:30,87,wet
ok,07/06/2009 10:54:57,6,dry
ok,07/06/2009 10:55:03,12,wet
ok,07/06/2009 10:55:15,39,dry
ok,07/06/2009 10:55:54,6,wet
ok,07/06/2009 10:56:00,33,dry
ok,07/06/2009 10:56:33,24,wet
ok,07/06/2009 10:56:57,459,dry
ok,07/06/2009 11:04:36,150,wet
ok,07/06/2009 11:07:06,6,dry
ok,07/06/2009 11:07:12,54,wet
ok,07/06/2009 11:08:06,3069,dry
ok,07/06/2009 11:59:15,66,wet
ok,07/06/2009 12:00:21,6,dry
ok,07/06/2009 12:00:27,9,wet
ok,07/06/2009 12:00:36,6,dry
ok,07/06/2009 12:00:42,69,wet
ok,07/06/2009 12:01:51,30,dry
ok,07/06/2009 12:02:21,18,wet
ok,07/06/2009 12:02:39,9,dry
ok,07/06/2009 12:02:48,57,wet
ok,07/06/2009 12:03:45,9,dry
ok,07/06/2009 12:03:54,15,wet
ok,07/06/2009 12:04:09,9,dry
ok,07/06/2009 12:04:18,6,wet
ok,07/06/2009 12:04:24,240,dry
ok,07/06/2009 12:08:24,117,wet
ok,07/06/2009 12:10:21,9,dry
ok,07/06/2009 12:10:30,27,wet
ok,07/06/2009 12:10:57,6,dry
ok,07/06/2009 12:11:03,30,wet
ok,07/06/2009 12:11:33,12,dry
ok,07/06/2009 12:11:45,12,wet
ok,07/06/2009 12:11:57,24,dry
ok,07/06/2009 12:12:21,6,wet
ok,07/06/2009 12:12:27,14832,dry
ok,07/06/2009 16:19:39,6,wet
ok,07/06/2009 16:19:45,33,dry
ok,07/06/2009 16:20:18,21,wet
ok,07/06/2009 16:20:39,15,dry
ok,07/06/2009 16:20:54,54,wet
ok,07/06/2009 16:21:48,9,dry
ok,07/06/2009 16:21:57,654,wet
ok,07/06/2009 16:32:51,9,dry
ok,07/06/2009 16:33:00,69,wet
ok,07/06/2009 16:34:09,363,dry
ok,07/06/2009 16:40:12,9,wet
ok,07/06/2009 16:40:21,3579,dry
ok,07/06/2009 17:40:00,51,wet
ok,07/06/2009 17:40:51,24,dry
ok,07/06/2009 17:41:15,6,wet
ok,07/06/2009 17:41:21,12,dry
ok,07/06/2009 17:41:33,15,wet
ok,07/06/2009 17:41:48,6,dry
ok,07/06/2009 17:41:54,1758,wet
ok,07/06/2009 18:11:12,6,dry
ok,07/06/2009 18:11:18,39,wet
ok,07/06/2009 18:11:57,6,dry
ok,07/06/2009 18:12:03,12,wet
ok,07/06/2009 18:12:15,15,dry
ok,07/06/2009 18:12:30,9,wet
ok,07/06/2009 18:12:39,15,dry
ok,07/06/2009 18:12:54,12,wet
ok,07/06/2009 18:13:06,4089,dry
ok,07/06/2009 19:21:15,114,wet
ok,07/06/2009 19:23:09,1920,dry
ok,07/06/2009 19:55:09,774,wet
ok,07/06/2009 20:08:03,15,dry
ok,07/06/2009 20:08:18,18,wet
ok,07/06/2009 20:08:36,12,dry
ok,07/06/2009 20:08:48,129,wet
ok,07/06/2009 20:10:57,6,dry
ok,07/06/2009 20:11:03,12,wet
ok,07/06/2009 20:11:15,15,dry
ok,07/06/2009 20:11:30,39,wet
ok,07/06/2009 20:12:09,6,dry
ok,07/06/2009 20:12:15,126,wet
ok,07/06/2009 20:14:21,21,dry
ok,07/06/2009 20:14:42,15,wet
ok,07/06/2009 20:14:57,162,dry
ok,07/06/2009 20:17:39,6,wet
ok,07/06/2009 20:17:45,12,dry
ok,07/06/2009 20:17:57,12,wet
ok,07/06/2009 20:18:09,96,dry
ok,07/06/2009 20:19:45,36,wet
ok,07/06/2009 20:20:21,6,dry
ok,07/06/2009 20:20:27,54,wet
ok,07/06/2009 20:21:21,4875,dry
ok,07/06/2009 21:42:36,48,wet
ok,07/06/2009 21:43:24,11841,dry
ok,08/06/2009 01:00:45,1047,wet
ok,08/06/2009 01:18:12,12738,dry
ok,08/06/2009 04:50:30,150,wet
ok,08/06/2009 04:53:00,18,dry
ok,08/06/2009 04:53:18,174,wet
ok,08/06/2009 04:56:12,9,dry
ok,08/06/2009 04:56:21,105,wet
ok,08/06/2009 04:58:06,126,dry
ok,08/06/2009 05:00:12,588,wet
ok,08/06/2009 05:10:00,108,dry
ok,08/06/2009 05:11:48,2703,wet
ok,08/06/2009 05:56:51,9,dry
ok,08/06/2009 05:57:00,57,wet
ok,08/06/2009 05:57:57,99,dry
ok,08/06/2009 05:59:36,2184,wet
ok,08/06/2009 06:36:00,246,dry
ok,08/06/2009 06:40:06,3006,wet
ok,08/06/2009 07:30:12,6,dry
ok,08/06/2009 07:30:18,6,wet
ok,08/06/2009 07:30:24,543,dry
ok,08/06/2009 07:39:27,123,wet
ok,08/06/2009 07:41:30,174,dry
ok,08/06/2009 07:44:24,273,wet
ok,08/06/2009 07:48:57,18,dry
ok,08/06/2009 07:49:15,663,wet
ok,08/06/2009 08:00:18,219,dry
ok,08/06/2009 08:03:57,1488,wet
ok,08/06/2009 08:28:45,219,dry
ok,08/06/2009 08:32:24,783,wet
ok,08/06/2009 08:45:27,24,dry
ok,08/06/2009 08:45:51,111,wet
ok,08/06/2009 08:47:42,81,dry
ok,08/06/2009 08:49:03,5805,wet
ok,08/06/2009 10:25:48,6228,dry
ok,08/06/2009 12:09:36,5838,dry
ok,08/06/2009 13:46:54,357,wet
ok,08/06/2009 13:52:51,42,dry
ok,08/06/2009 13:53:33,1296,wet
ok,08/06/2009 14:15:09,12,dry
ok,08/06/2009 14:15:21,627,wet
ok,08/06/2009 14:25:48,6,dry
ok,08/06/2009 14:25:54,426,wet
ok,08/06/2009 14:33:00,6,dry
ok,08/06/2009 14:33:06,12795,wet
ok,08/06/2009 18:06:21,24,dry
ok,08/06/2009 18:06:45,6,wet
ok,08/06/2009 18:06:51,6,dry
ok,08/06/2009 18:06:57,12,wet
ok,08/06/2009 18:07:09,6,dry
ok,08/06/2009 18:07:15,6,wet
ok,08/06/2009 18:07:21,15,dry
ok,08/06/2009 18:07:36,60,wet
ok,08/06/2009 18:08:36,12,dry
ok,08/06/2009 18:08:48,48,wet
ok,08/06/2009 18:09:36,39,dry
ok,08/06/2009 18:10:15,33,wet
ok,08/06/2009 18:10:48,21,dry
ok,08/06/2009 18:11:09,39,wet
ok,08/06/2009 18:11:48,18,dry
ok,08/06/2009 18:12:06,69,wet
ok,08/06/2009 18:13:15,8961,dry
ok,08/06/2009 20:42:36,33,wet
ok,08/06/2009 20:43:09,9,dry
ok,08/06/2009 20:43:18,255,wet
ok,08/06/2009 20:47:33,6,dry
ok,08/06/2009 20:47:39,168,wet
ok,08/06/2009 20:50:27,12,dry
ok,08/06/2009 20:50:39,45,wet
ok,08/06/2009 20:51:24,66,dry
ok,08/06/2009 20:52:30,54,wet
ok,08/06/2009 20:53:24,6,dry
ok,08/06/2009 20:53:30,15,wet
ok,08/06/2009 20:53:45,12,dry
ok,08/06/2009 20:53:57,186,wet
ok,08/06/2009 20:57:03,6,dry
ok,08/06/2009 20:57:09,81,wet
ok,08/06/2009 20:58:30,30,dry
ok,08/06/2009 20:59:00,21,wet
ok,08/06/2009 20:59:21,6,dry
ok,08/06/2009 20:59:27,9,wet
ok,08/06/2009 20:59:36,12,dry
ok,08/06/2009 20:59:48,24,wet
ok,08/06/2009 21:00:12,9,dry
ok,08/06/2009 21:00:21,30,wet
ok,08/06/2009 21:00:51,6,dry
ok,08/06/2009 21:00:57,30,wet
ok,08/06/2009 21:01:27,24,dry
ok,08/06/2009 21:01:51,15,wet
ok,08/06/2009 21:02:06,9150,dry
ok,08/06/2009 23:34:36,6,wet
ok,08/06/2009 23:34:42,4872,dry
ok,09/06/2009 00:55:54,6,wet
ok,09/06/2009 00:56:00,18,dry
ok,09/06/2009 00:56:18,6,wet
ok,09/06/2009 00:56:24,60,dry
ok,09/06/2009 00:57:24,6,wet
ok,09/06/2009 00:57:30,9,dry
ok,09/06/2009 00:57:39,6,wet
ok,09/06/2009 00:57:45,15444,dry
ok,09/06/2009 05:15:09,6,wet
ok,09/06/2009 05:15:15,24,dry
ok,09/06/2009 05:15:39,6,wet
ok,09/06/2009 05:15:45,45,dry
ok,09/06/2009 05:16:30,111,wet
ok,09/06/2009 05:18:21,60,dry
ok,09/06/2009 05:19:21,21,wet
ok,09/06/2009 05:19:42,33,dry
ok,09/06/2009 05:20:15,6,wet
ok,09/06/2009 05:20:21,5694,dry
ok,09/06/2009 06:55:15,6,wet
ok,09/06/2009 06:55:21,513,dry
ok,09/06/2009 07:03:54,12,wet
ok,09/06/2009 07:04:06,12,dry
ok,09/06/2009 07:04:18,6,wet
ok,09/06/2009 07:04:24,24,dry
ok,09/06/2009 07:04:48,6,wet
ok,09/06/2009 07:04:54,3102,dry
ok,09/06/2009 07:56:36,6,wet
ok,09/06/2009 07:56:42,81,dry
ok,09/06/2009 07:58:03,33,wet
ok,09/06/2009 07:58:36,9822,dry
ok,09/06/2009 10:42:18,6,wet
ok,09/06/2009 10:42:24,9,dry
ok,09/06/2009 10:42:33,33,wet
ok,09/06/2009 10:43:06,6,dry
ok,09/06/2009 10:43:12,39,wet
ok,09/06/2009 10:43:51,6,dry
ok,09/06/2009 10:43:57,24,wet
ok,09/06/2009 10:44:21,12,dry
ok,09/06/2009 10:44:33,66,wet
ok,09/06/2009 10:45:39,63,dry
ok,09/06/2009 10:46:42,18,wet
ok,09/06/2009 10:47:00,15,dry
ok,09/06/2009 10:47:15,18,wet
ok,09/06/2009 10:47:33,24,dry
ok,09/06/2009 10:47:57,33,wet
ok,09/06/2009 10:48:30,6,dry
ok,09/06/2009 10:48:36,78,wet
ok,09/06/2009 10:49:54,6,dry
ok,09/06/2009 10:50:00,27,wet
ok,09/06/2009 10:50:27,27,dry
ok,09/06/2009 10:50:54,618,wet
ok,09/06/2009 11:01:12,6,dry
ok,09/06/2009 11:01:18,249,wet
ok,09/06/2009 11:05:27,9,dry
ok,09/06/2009 11:05:36,279,wet
ok,09/06/2009 11:10:15,15,dry
ok,09/06/2009 11:10:30,6,wet
ok,09/06/2009 11:10:36,6,dry
ok,09/06/2009 11:10:42,6,wet
ok,09/06/2009 11:10:48,18,dry
ok,09/06/2009 11:11:06,36,wet
ok,09/06/2009 11:11:42,9,dry
ok,09/06/2009 11:11:51,9,wet
ok,09/06/2009 11:12:00,12,dry
ok,09/06/2009 11:12:12,30,wet
ok,09/06/2009 11:12:42,9,dry
ok,09/06/2009 11:12:51,6,wet
ok,09/06/2009 11:12:57,75,dry
ok,09/06/2009 11:14:12,42,wet
ok,09/06/2009 11:14:54,48,dry
ok,09/06/2009 11:15:42,15,wet
ok,09/06/2009 11:15:57,9039,dry
ok,09/06/2009 13:46:36,6,wet
ok,09/06/2009 13:46:42,3093,dry
ok,09/06/2009 14:38:15,6,wet
ok,09/06/2009 14:38:21,8526,dry
ok,09/06/2009 17:00:27,45,wet
ok,09/06/2009 17:01:12,9,dry
ok,09/06/2009 17:01:21,6,wet
ok,09/06/2009 17:01:27,96,dry
ok,09/06/2009 17:03:03,108,wet
ok,09/06/2009 17:04:51,6,dry
ok,09/06/2009 17:04:57,195,wet
ok,09/06/2009 17:08:12,6,dry
ok,09/06/2009 17:08:18,144,wet
ok,09/06/2009 17:10:42,6,dry
ok,09/06/2009 17:10:48,93,wet
ok,09/06/2009 17:12:21,6,dry
ok,09/06/2009 17:12:27,51,wet
ok,09/06/2009 17:13:18,9,dry
ok,09/06/2009 17:13:27,12,wet
ok,09/06/2009 17:13:39,42,dry
ok,09/06/2009 17:14:21,12,wet
ok,09/06/2009 17:14:33,6,dry
ok,09/06/2009 17:14:39,15,wet
ok,09/06/2009 17:14:54,9,dry
ok,09/06/2009 17:15:03,48,wet
ok,09/06/2009 17:15:51,6,dry
ok,09/06/2009 17:15:57,21,wet
ok,09/06/2009 17:16:18,6,dry
ok,09/06/2009 17:16:24,6,wet
ok,09/06/2009 17:16:30,9,dry
ok,09/06/2009 17:16:39,6,wet
ok,09/06/2009 17:16:45,24,dry
ok,09/06/2009 17:17:09,12,wet
ok,09/06/2009 17:17:21,9,dry
ok,09/06/2009 17:17:30,6,wet
ok,09/06/2009 17:17:36,42,dry
ok,09/06/2009 17:18:18,6,wet
ok,09/06/2009 17:18:24,15,dry
ok,09/06/2009 17:18:39,78,wet
ok,09/06/2009 17:19:57,5262,dry
ok,09/06/2009 18:47:39,183,wet
ok,09/06/2009 18:50:42,6,dry
ok,09/06/2009 18:50:48,120,wet
ok,09/06/2009 18:52:48,12,dry
ok,09/06/2009 18:53:00,15,wet
ok,09/06/2009 18:53:15,24,dry
ok,09/06/2009 18:53:39,39,wet
ok,09/06/2009 18:54:18,6,dry
ok,09/06/2009 18:54:24,9,wet
ok,09/06/2009 18:54:33,12,dry
ok,09/06/2009 18:54:45,9,wet
ok,09/06/2009 18:54:54,12,dry
ok,09/06/2009 18:55:06,21,wet
ok,09/06/2009 18:55:27,15,dry
ok,09/06/2009 18:55:42,108,wet
ok,09/06/2009 18:57:30,75,dry
ok,09/06/2009 18:58:45,12,wet
ok,09/06/2009 18:58:57,36,dry
ok,09/06/2009 18:59:33,6,wet
ok,09/06/2009 18:59:39,6,dry
ok,09/06/2009 18:59:45,69,wet
ok,09/06/2009 19:00:54,12,dry
ok,09/06/2009 19:01:06,6,wet
ok,09/06/2009 19:01:12,12,dry
ok,09/06/2009 19:01:24,6,wet
ok,09/06/2009 19:01:30,6,dry
ok,09/06/2009 19:01:36,12,wet
ok,09/06/2009 19:01:48,18,dry
ok,09/06/2009 19:02:06,9,wet
ok,09/06/2009 19:02:15,51,dry
ok,09/06/2009 19:03:06,18,wet
ok,09/06/2009 19:03:24,9,dry
ok,09/06/2009 19:03:33,9,wet
ok,09/06/2009 19:03:42,6,dry
ok,09/06/2009 19:03:48,12,wet
ok,09/06/2009 19:04:00,24,dry
ok,09/06/2009 19:04:24,105,wet
ok,09/06/2009 19:06:09,6,dry
ok,09/06/2009 19:06:15,27,wet
ok,09/06/2009 19:06:42,6,dry
ok,09/06/2009 19:06:48,18,wet
ok,09/06/2009 19:07:06,12,dry
ok,09/06/2009 19:07:18,54,wet
ok,09/06/2009 19:08:12,12,dry
ok,09/06/2009 19:08:24,24,wet
ok,09/06/2009 19:08:48,111,dry
ok,09/06/2009 19:10:39,12,wet
ok,09/06/2009 19:10:51,6,dry
ok,09/06/2009 19:10:57,288,wet
ok,09/06/2009 19:15:45,21,dry
ok,09/06/2009 19:16:06,6,wet
ok,09/06/2009 19:16:12,54,dry
ok,09/06/2009 19:17:06,6,wet
ok,09/06/2009 19:17:12,9516,dry
ok,09/06/2009 21:55:48,9,wet
ok,09/06/2009 21:55:57,6,dry
ok,09/06/2009 21:56:03,12,wet
ok,09/06/2009 21:56:15,18,dry
ok,09/06/2009 21:56:33,63,wet
ok,09/06/2009 21:57:36,102,dry
ok,09/06/2009 21:59:18,48,wet
ok,09/06/2009 22:00:06,21,dry
ok,09/06/2009 22:00:27,12,wet
ok,09/06/2009 22:00:39,27,dry
ok,09/06/2009 22:01:06,45,wet
ok,09/06/2009 22:01:51,6,dry
ok,09/06/2009 22:01:57,12,wet
ok,09/06/2009 22:02:09,24,dry
ok,09/06/2009 22:02:33,21,wet
ok,09/06/2009 22:02:54,12,dry
ok,09/06/2009 22:03:06,6,wet
ok,09/06/2009 22:03:12,9,dry
ok,09/06/2009 22:03:21,15,wet
ok,09/06/2009 22:03:36,27,dry
ok,09/06/2009 22:04:03,9,wet
ok,09/06/2009 22:04:12,6,dry
ok,09/06/2009 22:04:18,36,wet
ok,09/06/2009 22:04:54,36,dry
ok,09/06/2009 22:05:30,9,wet
ok,09/06/2009 22:05:39,117,dry
ok,09/06/2009 22:07:36,27,wet
ok,09/06/2009 22:08:03,6,dry
ok,09/06/2009 22:08:09,6,wet
ok,09/06/2009 22:08:15,183,dry
ok,09/06/2009 22:11:18,6,wet
ok,09/06/2009 22:11:24,39,dry
ok,09/06/2009 22:12:03,6,wet
ok,09/06/2009 22:12:09,12,dry
ok,09/06/2009 22:12:21,6,wet
ok,09/06/2009 22:12:27,9303,dry
ok,10/06/2009 00:47:30,15,wet
ok,10/06/2009 00:47:45,12,dry
ok,10/06/2009 00:47:57,303,wet
ok,10/06/2009 00:53:00,9,dry
ok,10/06/2009 00:53:09,195,wet
ok,10/06/2009 00:56:24,6,dry
ok,10/06/2009 00:56:30,84,wet
ok,10/06/2009 00:57:54,15,dry
ok,10/06/2009 00:58:09,18,wet
ok,10/06/2009 00:58:27,15,dry
ok,10/06/2009 00:58:42,6,wet
ok,10/06/2009 00:58:48,15,dry
ok,10/06/2009 00:59:03,12,wet
ok,10/06/2009 00:59:15,6,dry
ok,10/06/2009 00:59:21,33,wet
ok,10/06/2009 00:59:54,9,dry
ok,10/06/2009 01:00:03,36,wet
ok,10/06/2009 01:00:39,6,dry
ok,10/06/2009 01:00:45,15,wet
ok,10/06/2009 01:01:00,6,dry
ok,10/06/2009 01:01:06,99,wet
ok,10/06/2009 01:02:45,2823,dry
ok,10/06/2009 01:49:48,192,wet
ok,10/06/2009 01:53:00,15,dry
ok,10/06/2009 01:53:15,30,wet
ok,10/06/2009 01:53:45,6,dry
ok,10/06/2009 01:53:51,6,wet
ok,10/06/2009 01:53:57,69,dry
ok,10/06/2009 01:55:06,33,wet
ok,10/06/2009 01:55:39,12,dry
ok,10/06/2009 01:55:51,180,wet
ok,10/06/2009 01:58:51,6,dry
ok,10/06/2009 01:58:57,12,wet
ok,10/06/2009 01:59:09,33,dry
ok,10/06/2009 01:59:42,6,wet
ok,10/06/2009 01:59:48,15,dry
ok,10/06/2009 02:00:03,9,wet
ok,10/06/2009 02:00:12,9,dry
ok,10/06/2009 02:00:21,60,wet
ok,10/06/2009 02:01:21,18,dry
ok,10/06/2009 02:01:39,6,wet
ok,10/06/2009 02:01:45,6,dry
ok,10/06/2009 02:01:51,30,wet
ok,10/06/2009 02:02:21,6,dry
ok,10/06/2009 02:02:27,9,wet
ok,10/06/2009 02:02:36,15,dry
ok,10/06/2009 02:02:51,9,wet
ok,10/06/2009 02:03:00,6,dry
ok,10/06/2009 02:03:06,21,wet
ok,10/06/2009 02:03:27,3591,dry
ok,10/06/2009 03:03:18,12,wet
ok,10/06/2009 03:03:30,9,dry
ok,10/06/2009 03:03:39,9,wet
ok,10/06/2009 03:03:48,12,dry
ok,10/06/2009 03:04:00,15,wet
ok,10/06/2009 03:04:15,18,dry
ok,10/06/2009 03:04:33,15,wet
ok,10/06/2009 03:04:48,6,dry
ok,10/06/2009 03:04:54,18,wet
ok,10/06/2009 03:05:12,6,dry
ok,10/06/2009 03:05:18,30,wet
ok,10/06/2009 03:05:48,9,dry
ok,10/06/2009 03:05:57,147,wet
ok,10/06/2009 03:08:24,21,dry
ok,10/06/2009 03:08:45,9,wet
ok,10/06/2009 03:08:54,36,dry
ok,10/06/2009 03:09:30,12,wet
ok,10/06/2009 03:09:42,33,dry
ok,10/06/2009 03:10:15,15,wet
ok,10/06/2009 03:10:30,144,dry
ok,10/06/2009 03:12:54,6,wet
ok,10/06/2009 03:13:00,21,dry
ok,10/06/2009 03:13:21,159,wet
ok,10/06/2009 03:16:00,6,dry
ok,10/06/2009 03:16:06,30,wet
ok,10/06/2009 03:16:36,6,dry
ok,10/06/2009 03:16:42,9,wet
ok,10/06/2009 03:16:51,2784,dry
ok,10/06/2009 04:03:15,246,wet
ok,10/06/2009 04:07:21,2526,dry
ok,10/06/2009 04:49:27,324,wet
ok,10/06/2009 04:54:51,6,dry
ok,10/06/2009 04:54:57,84,wet
ok,10/06/2009 04:56:21,6,dry
ok,10/06/2009 04:56:27,45,wet
ok,10/06/2009 04:57:12,18,dry
ok,10/06/2009 04:57:30,6,wet
ok,10/06/2009 04:57:36,6,dry
ok,10/06/2009 04:57:42,1557,wet
ok,10/06/2009 05:23:39,6,dry
ok,10/06/2009 05:23:45,147,wet
ok,10/06/2009 05:26:12,6,dry
ok,10/06/2009 05:26:18,6,wet
ok,10/06/2009 05:26:24,9,dry
ok,10/06/2009 05:26:33,6,wet
ok,10/06/2009 05:26:39,27,dry
ok,10/06/2009 05:27:06,12,wet
ok,10/06/2009 05:27:18,30,dry
ok,10/06/2009 05:27:48,18,wet
ok,10/06/2009 05:28:06,12,dry
ok,10/06/2009 05:28:18,72,wet
ok,10/06/2009 05:29:30,8334,dry
ok,10/06/2009 07:48:24,6,wet
ok,10/06/2009 07:48:30,27,dry
ok,10/06/2009 07:48:57,2475,wet
ok,10/06/2009 08:30:12,9,dry
ok,10/06/2009 08:30:21,1968,wet
ok,10/06/2009 09:03:09,6,dry
ok,10/06/2009 09:03:15,4194,wet
ok,10/06/2009 10:13:09,6,dry
ok,10/06/2009 10:13:15,564,wet
ok,10/06/2009 10:22:39,12,dry
ok,10/06/2009 10:22:51,54,wet
ok,10/06/2009 10:23:45,6,dry
ok,10/06/2009 10:23:51,21,wet
ok,10/06/2009 10:24:12,66,dry
ok,10/06/2009 10:25:18,33,wet
ok,10/06/2009 10:25:51,2532,dry
ok,10/06/2009 11:08:03,741,wet
ok,10/06/2009 11:20:24,582,dry
ok,10/06/2009 11:30:06,198,wet
ok,10/06/2009 11:33:24,90,dry
ok,10/06/2009 11:34:54,1914,wet
ok,10/06/2009 12:06:48,75,dry
ok,10/06/2009 12:08:03,93,wet
ok,10/06/2009 12:09:36,1014,wet
ok,10/06/2009 12:26:30,6,dry
ok,10/06/2009 12:26:36,318,wet
ok,10/06/2009 12:31:54,45,dry
ok,10/06/2009 12:32:39,1395,wet
ok,10/06/2009 12:55:54,78,dry
ok,10/06/2009 12:57:12,1560,wet
ok,10/06/2009 13:23:12,84,dry
ok,10/06/2009 13:24:36,1029,wet
ok,10/06/2009 13:41:45,6,dry
ok,10/06/2009 13:41:51,60,wet
ok,10/06/2009 13:42:51,18,dry
ok,10/06/2009 13:43:09,1371,wet
ok,10/06/2009 14:06:00,6,dry
ok,10/06/2009 14:06:06,11616,wet
ok,10/06/2009 17:19:42,153,dry
ok,10/06/2009 17:22:15,708,wet
ok,10/06/2009 17:34:03,6,dry
ok,10/06/2009 17:34:09,78,wet
ok,10/06/2009 17:35:27,12,dry
ok,10/06/2009 17:35:39,39,wet
ok,10/06/2009 17:36:18,6,dry
ok,10/06/2009 17:36:24,9,wet
ok,10/06/2009 17:36:33,2442,dry
ok,10/06/2009 18:17:15,369,wet
ok,10/06/2009 18:23:24,21,dry
ok,10/06/2009 18:23:45,63,wet
ok,10/06/2009 18:24:48,18,dry
ok,10/06/2009 18:25:06,36,wet
ok,10/06/2009 18:25:42,9,dry
ok,10/06/2009 18:25:51,9,wet
ok,10/06/2009 18:26:00,6,dry
ok,10/06/2009 18:26:06,9,wet
ok,10/06/2009 18:26:15,6,dry
ok,10/06/2009 18:26:21,6,wet
ok,10/06/2009 18:26:27,57,dry
ok,10/06/2009 18:27:24,9,wet
ok,10/06/2009 18:27:33,75,dry
ok,10/06/2009 18:28:48,6,wet
ok,10/06/2009 18:28:54,6,dry
ok,10/06/2009 18:29:00,24,wet
ok,10/06/2009 18:29:24,27,dry
ok,10/06/2009 18:29:51,12,wet
ok,10/06/2009 18:30:03,24,dry
ok,10/06/2009 18:30:27,39,wet
ok,10/06/2009 18:31:06,9279,dry
ok,10/06/2009 21:05:45,9,wet
ok,10/06/2009 21:05:54,6,dry
ok,10/06/2009 21:06:00,90,wet
ok,10/06/2009 21:07:30,1797,dry
ok,10/06/2009 21:37:27,9,wet
ok,10/06/2009 21:37:36,39,dry
ok,10/06/2009 21:38:15,18,wet
ok,10/06/2009 21:38:33,12,dry
ok,10/06/2009 21:38:45,90,wet
ok,10/06/2009 21:40:15,2253,dry
ok,10/06/2009 22:17:48,6,wet
ok,10/06/2009 22:17:54,2406,dry
ok,10/06/2009 22:58:00,2055,wet
ok,10/06/2009 23:32:15,207,dry
ok,10/06/2009 23:35:42,6,wet
ok,10/06/2009 23:35:48,27,dry
ok,10/06/2009 23:36:15,306,wet
ok,10/06/2009 23:41:21,27,dry
ok,10/06/2009 23:41:48,276,wet
ok,10/06/2009 23:46:24,4134,dry
ok,11/06/2009 00:55:18,4527,wet
ok,11/06/2009 02:10:45,18,dry
ok,11/06/2009 02:11:03,12,wet
ok,11/06/2009 02:11:15,18543,dry
ok,11/06/2009 07:20:18,123,wet
ok,11/06/2009 07:22:21,6,dry
ok,11/06/2009 07:22:27,48,wet
ok,11/06/2009 07:23:15,6,dry
ok,11/06/2009 07:23:21,15,wet
ok,11/06/2009 07:23:36,6,dry
ok,11/06/2009 07:23:42,15,wet
ok,11/06/2009 07:23:57,39,dry
ok,11/06/2009 07:24:36,9,wet
ok,11/06/2009 07:24:45,21,dry
ok,11/06/2009 07:25:06,12,wet
ok,11/06/2009 07:25:18,6,dry
ok,11/06/2009 07:25:24,9,wet
ok,11/06/2009 07:25:33,9,dry
ok,11/06/2009 07:25:42,15,wet
ok,11/06/2009 07:25:57,6,dry
ok,11/06/2009 07:26:03,18,wet
ok,11/06/2009 07:26:21,12,dry
ok,11/06/2009 07:26:33,6,wet
ok,11/06/2009 07:26:39,27,dry
ok,11/06/2009 07:27:06,78,wet
ok,11/06/2009 07:28:24,6,dry
ok,11/06/2009 07:28:30,12,wet
ok,11/06/2009 07:28:42,12,dry
ok,11/06/2009 07:28:54,27,wet
ok,11/06/2009 07:29:21,30,dry
ok,11/06/2009 07:29:51,84,wet
ok,11/06/2009 07:31:15,12,dry
ok,11/06/2009 07:31:27,12,wet
ok,11/06/2009 07:31:39,39,dry
ok,11/06/2009 07:32:18,75,wet
ok,11/06/2009 07:33:33,9,dry
ok,11/06/2009 07:33:42,12,wet
ok,11/06/2009 07:33:54,4536,dry
ok,11/06/2009 08:49:30,12,wet
ok,11/06/2009 08:49:42,417,dry
ok,11/06/2009 08:56:39,12,wet
ok,11/06/2009 08:56:51,12,dry
ok,11/06/2009 08:57:03,33,wet
ok,11/06/2009 08:57:36,15,dry
ok,11/06/2009 08:57:51,48,wet
ok,11/06/2009 08:58:39,27,dry
ok,11/06/2009 08:59:06,18,wet
ok,11/06/2009 08:59:24,6,dry
ok,11/06/2009 08:59:30,30,wet
ok,11/06/2009 09:00:00,24,dry
ok,11/06/2009 09:00:24,15,wet
ok,11/06/2009 09:00:39,15,dry
ok,11/06/2009 09:00:54,120,wet
ok,11/06/2009 09:02:54,6,dry
ok,11/06/2009 09:03:00,36,wet
ok,11/06/2009 09:03:36,6,dry
ok,11/06/2009 09:03:42,24,wet
ok,11/06/2009 09:04:06,12,dry
ok,11/06/2009 09:04:18,6,wet
ok,11/06/2009 09:04:24,7605,dry
ok,11/06/2009 11:11:09,348,wet
ok,11/06/2009 11:16:57,6,dry
ok,11/06/2009 11:17:03,108,wet
ok,11/06/2009 11:18:51,12,dry
ok,11/06/2009 11:19:03,465,wet
ok,11/06/2009 11:26:48,6,dry
ok,11/06/2009 11:26:54,9,wet
ok,11/06/2009 11:27:03,6,dry
ok,11/06/2009 11:27:09,6,wet
ok,11/06/2009 11:27:15,39,dry
ok,11/06/2009 11:27:54,420,wet
ok,11/06/2009 11:34:54,6,dry
ok,11/06/2009 11:35:00,36,wet
ok,11/06/2009 11:35:36,18,dry
ok,11/06/2009 11:35:54,6,wet
ok,11/06/2009 11:36:00,39,dry
ok,11/06/2009 11:36:39,6,wet
ok,11/06/2009 11:36:45,11199,dry
ok,11/06/2009 14:43:24,6,wet
ok,11/06/2009 14:43:30,15,dry
ok,11/06/2009 14:43:45,21,wet
ok,11/06/2009 14:44:06,24,dry
ok,11/06/2009 14:44:30,6,wet
ok,11/06/2009 14:44:36,48,dry
ok,11/06/2009 14:45:24,9,wet
ok,11/06/2009 14:45:33,9,dry
ok,11/06/2009 14:45:42,897,wet
ok,11/06/2009 15:00:39,9,dry
ok,11/06/2009 15:00:48,828,wet
ok,11/06/2009 15:14:36,12,dry
ok,11/06/2009 15:14:48,54,wet
ok,11/06/2009 15:15:42,15,dry
ok,11/06/2009 15:15:57,3186,wet
ok,11/06/2009 16:09:03,4014,dry
ok,11/06/2009 17:15:57,1335,wet
ok,11/06/2009 17:38:12,6,dry
ok,11/06/2009 17:38:18,2331,wet
ok,11/06/2009 18:17:09,123,dry
ok,11/06/2009 18:19:12,75,wet
ok,11/06/2009 18:20:27,48,dry
ok,11/06/2009 18:21:15,162,wet
ok,11/06/2009 18:23:57,78,dry
ok,11/06/2009 18:25:15,18,wet
ok,11/06/2009 18:25:33,93,dry
ok,11/06/2009 18:27:06,282,wet
ok,11/06/2009 18:31:48,621,dry
ok,11/06/2009 18:42:09,1935,wet
ok,11/06/2009 19:14:24,21264,dry
ok,12/06/2009 01:08:48,15,wet
ok,12/06/2009 01:09:03,6,dry
ok,12/06/2009 01:09:09,5427,wet
ok,12/06/2009 02:39:36,15,dry
ok,12/06/2009 02:39:51,12,wet
ok,12/06/2009 02:40:03,8169,dry
ok,12/06/2009 04:56:12,66,wet
ok,12/06/2009 04:57:18,9009,dry
ok,12/06/2009 07:27:27,1017,wet
ok,12/06/2009 07:44:24,4350,dry
ok,12/06/2009 08:56:54,195,wet
ok,12/06/2009 09:00:09,6,dry
ok,12/06/2009 09:00:15,4668,wet
ok,12/06/2009 10:18:03,1236,dry
ok,12/06/2009 10:38:39,2271,wet
ok,12/06/2009 11:16:30,96,dry
ok,12/06/2009 11:18:06,1986,wet
ok,12/06/2009 11:51:12,1104,dry
SUSPECT,12/06/2009 12:09:36,2019,dry
SUSPECT,12/06/2009 12:43:15,90,wet
SUSPECT,12/06/2009 12:44:45,189,dry
SUSPECT,12/06/2009 12:47:54,891,wet
SUSPECT,12/06/2009 13:02:45,1404,dry
SUSPECT,12/06/2009 13:26:09,3024,wet
SUSPECT,12/06/2009 14:16:33,6,dry
SUSPECT,12/06/2009 14:16:39,102,wet
SUSPECT,12/06/2009 14:18:21,453,dry
SUSPECT,12/06/2009 14:25:54,987,wet
SUSPECT,12/06/2009 14:42:21,6,dry
SUSPECT,12/06/2009 14:42:27,264,wet
SUSPECT,12/06/2009 14:46:51,117,dry
SUSPECT,12/06/2009 14:48:48,1155,wet
SUSPECT,12/06/2009 15:08:03,51,dry
SUSPECT,12/06/2009 15:08:54,9,wet
SUSPECT,12/06/2009 15:09:03,2301,dry
SUSPECT,12/06/2009 15:47:24,144,wet
SUSPECT,12/06/2009 15:49:48,81,dry
SUSPECT,12/06/2009 15:51:09,1683,wet
SUSPECT,12/06/2009 16:19:12,84,dry
SUSPECT,12/06/2009 16:20:36,774,wet
SUSPECT,12/06/2009 16:33:30,369,dry
SUSPECT,12/06/2009 16:39:39,1551,wet
SUSPECT,12/06/2009 17:05:30,51,dry
SUSPECT,12/06/2009 17:06:21,1371,wet
SUSPECT,12/06/2009 17:29:12,360,dry
SUSPECT,12/06/2009 17:35:12,6432,wet
SUSPECT,12/06/2009 19:22:24,21,dry
SUSPECT,12/06/2009 19:22:45,1074,wet
SUSPECT,12/06/2009 19:40:39,93,dry
SUSPECT,12/06/2009 19:42:12,3432,wet
SUSPECT,12/06/2009 20:39:24,6,dry
SUSPECT,12/06/2009 20:39:30,45,wet
SUSPECT,12/06/2009 20:40:15,18,dry
SUSPECT,12/06/2009 20:40:33,9,wet
SUSPECT,12/06/2009 20:40:42,18,dry
SUSPECT,12/06/2009 20:41:00,102,wet
SUSPECT,12/06/2009 20:42:42,10890,dry
SUSPECT,12/06/2009 23:44:12,12,wet
SUSPECT,12/06/2009 23:44:24,33,dry
SUSPECT,12/06/2009 23:44:57,9,wet
SUSPECT,12/06/2009 23:45:06,12,dry
SUSPECT,12/06/2009 23:45:18,273,wet
SUSPECT,12/06/2009 23:49:51,15,dry
SUSPECT,12/06/2009 23:50:06,6,wet
SUSPECT,12/06/2009 23:50:12,16938,dry
SUSPECT,13/06/2009 04:32:30,6,wet
SUSPECT,13/06/2009 04:32:36,345,dry
SUSPECT,13/06/2009 04:38:21,18,wet
SUSPECT,13/06/2009 04:38:39,6,dry
SUSPECT,13/06/2009 04:38:45,33,wet
SUSPECT,13/06/2009 04:39:18,69,dry
SUSPECT,13/06/2009 04:40:27,81,wet
SUSPECT,13/06/2009 04:41:48,24,dry
SUSPECT,13/06/2009 04:42:12,6,wet
SUSPECT,13/06/2009 04:42:18,162,dry
SUSPECT,13/06/2009 04:45:00,6,wet
SUSPECT,13/06/2009 04:45:06,60,dry
SUSPECT,13/06/2009 04:46:06,9,wet
SUSPECT,13/06/2009 04:46:15,156,dry
SUSPECT,13/06/2009 04:48:51,597,wet
SUSPECT,13/06/2009 04:58:48,6,dry
SUSPECT,13/06/2009 04:58:54,12,wet
SUSPECT,13/06/2009 04:59:06,6,dry
SUSPECT,13/06/2009 04:59:12,141,wet
SUSPECT,13/06/2009 05:01:33,6,dry
SUSPECT,13/06/2009 05:01:39,48,wet
SUSPECT,13/06/2009 05:02:27,6,dry
SUSPECT,13/06/2009 05:02:33,6,wet
SUSPECT,13/06/2009 05:02:39,8250,dry
SUSPECT,13/06/2009 07:20:09,27,wet
SUSPECT,13/06/2009 07:20:36,6,dry
SUSPECT,13/06/2009 07:20:42,9,wet
SUSPECT,13/06/2009 07:20:51,8925,dry
SUSPECT,13/06/2009 09:49:36,6804,wet
SUSPECT,13/06/2009 11:43:00,18,dry
SUSPECT,13/06/2009 11:43:18,6,wet
SUSPECT,13/06/2009 11:43:24,9,dry
SUSPECT,13/06/2009 11:43:33,18,wet
SUSPECT,13/06/2009 11:43:51,7797,dry
SUSPECT,13/06/2009 13:53:48,18,wet
SUSPECT,13/06/2009 13:54:06,6,dry
SUSPECT,13/06/2009 13:54:12,18,wet
SUSPECT,13/06/2009 13:54:30,12,dry
SUSPECT,13/06/2009 13:54:42,270,wet
SUSPECT,13/06/2009 13:59:12,6,dry
SUSPECT,13/06/2009 13:59:18,6,wet
SUSPECT,13/06/2009 13:59:24,4383,dry
SUSPECT,13/06/2009 15:12:27,6,wet
SUSPECT,13/06/2009 15:12:33,30,dry
SUSPECT,13/06/2009 15:13:03,6,wet
SUSPECT,13/06/2009 15:13:09,6,dry
SUSPECT,13/06/2009 15:13:15,6,wet
SUSPECT,13/06/2009 15:13:21,39,dry
SUSPECT,13/06/2009 15:14:00,834,wet
SUSPECT,13/06/2009 15:27:54,6,dry
SUSPECT,13/06/2009 15:28:00,1494,wet
SUSPECT,13/06/2009 15:52:54,2061,dry
SUSPECT,13/06/2009 16:27:15,6,wet
SUSPECT,13/06/2009 16:27:21,21,dry
SUSPECT,13/06/2009 16:27:42,78,wet
SUSPECT,13/06/2009 16:29:00,6,dry
SUSPECT,13/06/2009 16:29:06,6,wet
SUSPECT,13/06/2009 16:29:12,6,dry
SUSPECT,13/06/2009 16:29:18,57,wet
SUSPECT,13/06/2009 16:30:15,6,dry
SUSPECT,13/06/2009 16:30:21,30,wet
SUSPECT,13/06/2009 16:30:51,6,dry
SUSPECT,13/06/2009 16:30:57,183,wet
SUSPECT,13/06/2009 16:34:00,120,dry
SUSPECT,13/06/2009 16:36:00,12,wet
SUSPECT,13/06/2009 16:36:12,15,dry
SUSPECT,13/06/2009 16:36:27,12,wet
SUSPECT,13/06/2009 16:36:39,96,dry
SUSPECT,13/06/2009 16:38:15,6,wet
SUSPECT,13/06/2009 16:38:21,4173,dry
SUSPECT,13/06/2009 17:47:54,693,wet
SUSPECT,13/06/2009 17:59:27,12,dry
SUSPECT,13/06/2009 17:59:39,60,wet
SUSPECT,13/06/2009 18:00:39,9,dry
SUSPECT,13/06/2009 18:00:48,57,wet
SUSPECT,13/06/2009 18:01:45,6,dry
SUSPECT,13/06/2009 18:01:51,18,wet
SUSPECT,13/06/2009 18:02:09,16401,dry
SUSPECT,13/06/2009 22:35:30,15,wet
SUSPECT,13/06/2009 22:35:45,15,dry
SUSPECT,13/06/2009 22:36:00,9,wet
SUSPECT,13/06/2009 22:36:09,66,dry
SUSPECT,13/06/2009 22:37:15,48,wet
SUSPECT,13/06/2009 22:38:03,6,dry
SUSPECT,13/06/2009 22:38:09,21,wet
SUSPECT,13/06/2009 22:38:30,36,dry
SUSPECT,13/06/2009 22:39:06,6,wet
SUSPECT,13/06/2009 22:39:12,30,dry
SUSPECT,13/06/2009 22:39:42,18,wet
SUSPECT,13/06/2009 22:40:00,21,dry
SUSPECT,13/06/2009 22:40:21,111,wet
SUSPECT,13/06/2009 22:42:12,12,dry
SUSPECT,13/06/2009 22:42:24,198,wet
SUSPECT,13/06/2009 22:45:42,6,dry
SUSPECT,13/06/2009 22:45:48,33,wet
SUSPECT,13/06/2009 22:46:21,11544,dry
SUSPECT,14/06/2009 01:58:45,9,wet
SUSPECT,14/06/2009 01:58:54,21,dry
SUSPECT,14/06/2009 01:59:15,6,wet
SUSPECT,14/06/2009 01:59:21,15,dry
SUSPECT,14/06/2009 01:59:36,54,wet
SUSPECT,14/06/2009 02:00:30,9,dry
SUSPECT,14/06/2009 02:00:39,39,wet
SUSPECT,14/06/2009 02:01:18,6,dry
SUSPECT,14/06/2009 02:01:24,9,wet
SUSPECT,14/06/2009 02:01:33,39,dry
SUSPECT,14/06/2009 02:02:12,12,wet
SUSPECT,14/06/2009 02:02:24,6,dry
SUSPECT,14/06/2009 02:02:30,390,wet
SUSPECT,14/06/2009 02:09:00,6,dry
SUSPECT,14/06/2009 02:09:06,6,wet
SUSPECT,14/06/2009 02:09:12,9,dry
SUSPECT,14/06/2009 02:09:21,42,wet
SUSPECT,14/06/2009 02:10:03,6,dry
SUSPECT,14/06/2009 02:10:09,48,wet
SUSPECT,14/06/2009 02:10:57,6,dry
SUSPECT,14/06/2009 02:11:03,321,wet
SUSPECT,14/06/2009 02:16:24,6,dry
SUSPECT,14/06/2009 02:16:30,153,wet
SUSPECT,14/06/2009 02:19:03,6,dry
SUSPECT,14/06/2009 02:19:09,555,wet
SUSPECT,14/06/2009 02:28:24,6,dry
SUSPECT,14/06/2009 02:28:30,27,wet
SUSPECT,14/06/2009 02:28:57,6,dry
SUSPECT,14/06/2009 02:29:03,9,wet
SUSPECT,14/06/2009 02:29:12,27,dry
SUSPECT,14/06/2009 02:29:39,6,wet
SUSPECT,14/06/2009 02:29:45,75,dry
SUSPECT,14/06/2009 02:31:00,12,wet
SUSPECT,14/06/2009 02:31:12,42,dry
SUSPECT,14/06/2009 02:31:54,6,wet
SUSPECT,14/06/2009 02:32:00,6,dry
SUSPECT,14/06/2009 02:32:06,54,wet
SUSPECT,14/06/2009 02:33:00,6,dry
SUSPECT,14/06/2009 02:33:06,93,wet
SUSPECT,14/06/2009 02:34:39,21,dry
SUSPECT,14/06/2009 02:35:00,12,wet
SUSPECT,14/06/2009 02:35:12,27,dry
SUSPECT,14/06/2009 02:35:39,18,wet
SUSPECT,14/06/2009 02:35:57,9,dry
SUSPECT,14/06/2009 02:36:06,54,wet
SUSPECT,14/06/2009 02:37:00,27,dry
SUSPECT,14/06/2009 02:37:27,9,wet
SUSPECT,14/06/2009 02:37:36,12,dry
SUSPECT,14/06/2009 02:37:48,18,wet
SUSPECT,14/06/2009 02:38:06,9,dry
SUSPECT,14/06/2009 02:38:15,9,wet
SUSPECT,14/06/2009 02:38:24,6,dry
SUSPECT,14/06/2009 02:38:30,12,wet
SUSPECT,14/06/2009 02:38:42,12,dry
SUSPECT,14/06/2009 02:38:54,6,wet
SUSPECT,14/06/2009 02:39:00,21,dry
SUSPECT,14/06/2009 02:39:21,12,wet
SUSPECT,14/06/2009 02:39:33,6,dry
SUSPECT,14/06/2009 02:39:39,6,wet
SUSPECT,14/06/2009 02:39:45,15,dry
SUSPECT,14/06/2009 02:40:00,54,wet
SUSPECT,14/06/2009 02:40:54,96,dry
SUSPECT,14/06/2009 02:42:30,12,wet
SUSPECT,14/06/2009 02:42:42,21,dry
SUSPECT,14/06/2009 02:43:03,6,wet
SUSPECT,14/06/2009 02:43:09,4812,dry
SUSPECT,14/06/2009 04:03:21,9,wet
SUSPECT,14/06/2009 04:03:30,5067,dry
SUSPECT,14/06/2009 05:27:57,9,wet
SUSPECT,14/06/2009 05:28:06,12,dry
SUSPECT,14/06/2009 05:28:18,27,wet
SUSPECT,14/06/2009 05:28:45,6,dry
SUSPECT,14/06/2009 05:28:51,48,wet
SUSPECT,14/06/2009 05:29:39,9,dry
SUSPECT,14/06/2009 05:29:48,18,wet
SUSPECT,14/06/2009 05:30:06,6,dry
SUSPECT,14/06/2009 05:30:12,1542,wet
SUSPECT,14/06/2009 05:55:54,12153,dry
SUSPECT,14/06/2009 09:18:27,18,wet
SUSPECT,14/06/2009 09:18:45,39,dry
SUSPECT,14/06/2009 09:19:24,9,wet
SUSPECT,14/06/2009 09:19:33,21,dry
SUSPECT,14/06/2009 09:19:54,33,wet
SUSPECT,14/06/2009 09:20:27,27,dry
SUSPECT,14/06/2009 09:20:54,12,wet
SUSPECT,14/06/2009 09:21:06,6,dry
SUSPECT,14/06/2009 09:21:12,9,wet
SUSPECT,14/06/2009 09:21:21,6,dry
SUSPECT,14/06/2009 09:21:27,213,wet
SUSPECT,14/06/2009 09:25:00,9,dry
SUSPECT,14/06/2009 09:25:09,9,wet
SUSPECT,14/06/2009 09:25:18,18,dry
SUSPECT,14/06/2009 09:25:36,9,wet
SUSPECT,14/06/2009 09:25:45,6,dry
SUSPECT,14/06/2009 09:25:51,15,wet
SUSPECT,14/06/2009 09:26:06,12,dry
SUSPECT,14/06/2009 09:26:18,12,wet
SUSPECT,14/06/2009 09:26:30,30,dry
SUSPECT,14/06/2009 09:27:00,1179,wet
SUSPECT,14/06/2009 09:46:39,12,dry
SUSPECT,14/06/2009 09:46:51,6369,wet
SUSPECT,14/06/2009 11:33:00,6,dry
SUSPECT,14/06/2009 11:33:06,30,wet
SUSPECT,14/06/2009 11:33:36,15,dry
SUSPECT,14/06/2009 11:33:51,21,wet
SUSPECT,14/06/2009 11:34:12,6,dry
SUSPECT,14/06/2009 11:34:18,36,wet
SUSPECT,14/06/2009 11:34:54,6,dry
SUSPECT,14/06/2009 11:35:00,1539,wet
SUSPECT,14/06/2009 12:00:39,9,dry
SUSPECT,14/06/2009 12:00:48,348,wet
SUSPECT,14/06/2009 12:06:36,6,dry
SUSPECT,14/06/2009 12:06:42,18,wet
SUSPECT,14/06/2009 12:07:00,9,dry
SUSPECT,14/06/2009 12:07:09,18,wet
SUSPECT,14/06/2009 12:07:27,72,dry
SUSPECT,14/06/2009 12:08:39,36,wet
SUSPECT,14/06/2009 12:09:15,12,dry
SUSPECT,14/06/2009 12:09:27,6,wet
SUSPECT,14/06/2009 12:09:36,9,wet
SUSPECT,14/06/2009 12:09:45,14304,dry
SUSPECT,14/06/2009 16:08:09,60,wet
SUSPECT,14/06/2009 16:09:09,33,dry
SUSPECT,14/06/2009 16:09:42,1137,wet
SUSPECT,14/06/2009 16:28:39,6,dry
SUSPECT,14/06/2009 16:28:45,15,wet
SUSPECT,14/06/2009 16:29:00,15,dry
SUSPECT,14/06/2009 16:29:15,165,wet
SUSPECT,14/06/2009 16:32:00,6,dry
SUSPECT,14/06/2009 16:32:06,876,wet
SUSPECT,14/06/2009 16:46:42,6,dry
SUSPECT,14/06/2009 16:46:48,270,wet
SUSPECT,14/06/2009 16:51:18,9,dry
SUSPECT,14/06/2009 16:51:27,129,wet
SUSPECT,14/06/2009 16:53:36,9,dry
SUSPECT,14/06/2009 16:53:45,147,wet
SUSPECT,14/06/2009 16:56:12,6,dry
SUSPECT,14/06/2009 16:56:18,6,wet
SUSPECT,14/06/2009 16:56:24,2205,dry
SUSPECT,14/06/2009 17:33:09,6,wet
SUSPECT,14/06/2009 17:33:15,36,dry
SUSPECT,14/06/2009 17:33:51,12,wet
SUSPECT,14/06/2009 17:34:03,9,dry
SUSPECT,14/06/2009 17:34:12,6,wet
SUSPECT,14/06/2009 17:34:18,6,dry
SUSPECT,14/06/2009 17:34:24,9,wet
SUSPECT,14/06/2009 17:34:33,27,dry
SUSPECT,14/06/2009 17:35:00,513,wet
SUSPECT,14/06/2009 17:43:33,6,dry
SUSPECT,14/06/2009 17:43:39,186,wet
SUSPECT,14/06/2009 17:46:45,45,dry
SUSPECT,14/06/2009 17:47:30,42,wet
SUSPECT,14/06/2009 17:48:12,32919,dry
SUSPECT,15/06/2009 02:56:51,15,wet
SUSPECT,15/06/2009 02:57:06,12,dry
SUSPECT,15/06/2009 02:57:18,477,wet
SUSPECT,15/06/2009 03:05:15,6,dry
SUSPECT,15/06/2009 03:05:21,3429,wet
SUSPECT,15/06/2009 04:02:30,1539,dry
SUSPECT,15/06/2009 04:28:09,2808,wet
SUSPECT,15/06/2009 05:14:57,144,dry
SUSPECT,15/06/2009 05:17:21,4023,wet
SUSPECT,15/06/2009 06:24:24,6,dry
SUSPECT,15/06/2009 06:24:30,12,wet
SUSPECT,15/06/2009 06:24:42,11955,dry
SUSPECT,15/06/2009 09:43:57,1377,wet
SUSPECT,15/06/2009 10:06:54,9,dry
SUSPECT,15/06/2009 10:07:03,900,wet
SUSPECT,15/06/2009 10:22:03,3747,dry
SUSPECT,15/06/2009 11:24:30,147,wet
SUSPECT,15/06/2009 11:26:57,9,dry
SUSPECT,15/06/2009 11:27:06,1866,wet
SUSPECT,15/06/2009 11:58:12,6195,dry
SUSPECT,15/06/2009 13:41:27,3486,wet
SUSPECT,15/06/2009 14:39:33,3423,dry
SUSPECT,15/06/2009 15:36:36,3339,wet
SUSPECT,15/06/2009 16:32:15,4389,dry
SUSPECT,15/06/2009 17:45:24,285,wet
SUSPECT,15/06/2009 17:50:09,8310,dry
SUSPECT,15/06/2009 20:08:39,2907,wet
SUSPECT,15/06/2009 20:57:06,1191,dry
SUSPECT,15/06/2009 21:16:57,9,wet
SUSPECT,15/06/2009 21:17:06,906,dry
SUSPECT,15/06/2009 21:32:12,18,wet
SUSPECT,15/06/2009 21:32:30,39,dry
SUSPECT,15/06/2009 21:33:09,6,wet
SUSPECT,15/06/2009 21:33:15,60,dry
SUSPECT,15/06/2009 21:34:15,126,wet
SUSPECT,15/06/2009 21:36:21,15,dry
SUSPECT,15/06/2009 21:36:36,42,wet
SUSPECT,15/06/2009 21:37:18,6,dry
SUSPECT,15/06/2009 21:37:24,30,wet
SUSPECT,15/06/2009 21:37:54,9,dry
SUSPECT,15/06/2009 21:38:03,15,wet
SUSPECT,15/06/2009 21:38:18,12,dry
SUSPECT,15/06/2009 21:38:30,696,wet
SUSPECT,15/06/2009 21:50:06,816,dry
SUSPECT,15/06/2009 22:03:42,6,wet
SUSPECT,15/06/2009 22:03:48,12,dry
SUSPECT,15/06/2009 22:04:00,9981,wet
SUSPECT,16/06/2009 00:50:21,6,dry
SUSPECT,16/06/2009 00:50:27,24,wet
SUSPECT,16/06/2009 00:50:51,6,dry
SUSPECT,16/06/2009 00:50:57,27,wet
SUSPECT,16/06/2009 00:51:24,33,dry
SUSPECT,16/06/2009 00:51:57,12,wet
SUSPECT,16/06/2009 00:52:09,48,dry
SUSPECT,16/06/2009 00:52:57,6,wet
SUSPECT,16/06/2009 00:53:03,489,dry
SUSPECT,16/06/2009 01:01:12,4785,wet
SUSPECT,16/06/2009 02:20:57,42,dry
SUSPECT,16/06/2009 02:21:39,141,wet
SUSPECT,16/06/2009 02:24:00,16299,dry
SUSPECT,16/06/2009 06:55:39,1014,wet
SUSPECT,16/06/2009 07:12:33,6,dry
SUSPECT,16/06/2009 07:12:39,1509,wet
SUSPECT,16/06/2009 07:37:48,16311,dry
ok,16/06/2009 12:09:36,4359,dry
ok,16/06/2009 13:22:15,558,wet
ok,16/06/2009 13:31:33,15,dry
ok,16/06/2009 13:31:48,93,wet
ok,16/06/2009 13:33:21,15,dry
ok,16/06/2009 13:33:36,78,wet
ok,16/06/2009 13:34:54,426,dry
ok,16/06/2009 13:42:00,225,wet
ok,16/06/2009 13:45:45,3414,dry
ok,16/06/2009 14:42:39,249,wet
ok,16/06/2009 14:46:48,807,dry
ok,16/06/2009 15:00:15,1536,wet
ok,16/06/2009 15:25:51,42,dry
ok,16/06/2009 15:26:33,3477,wet
ok,16/06/2009 16:24:30,2616,dry
ok,16/06/2009 17:08:06,627,wet
ok,16/06/2009 17:18:33,12,dry
ok,16/06/2009 17:18:45,240,wet
ok,16/06/2009 17:22:45,1560,dry
ok,16/06/2009 17:48:45,1011,wet
ok,16/06/2009 18:05:36,6069,dry
ok,16/06/2009 19:46:45,459,wet
ok,16/06/2009 19:54:24,6,dry
ok,16/06/2009 19:54:30,39,wet
ok,16/06/2009 19:55:09,2112,dry
ok,16/06/2009 20:30:21,14877,wet
ok,17/06/2009 00:38:18,753,dry
ok,17/06/2009 00:50:51,7485,wet
ok,17/06/2009 02:55:36,6,dry
ok,17/06/2009 02:55:42,1722,wet
ok,17/06/2009 03:24:24,9,dry
ok,17/06/2009 03:24:33,3213,wet
ok,17/06/2009 04:18:06,6,dry
ok,17/06/2009 04:18:12,6774,wet
ok,17/06/2009 06:11:06,15,dry
ok,17/06/2009 06:11:21,237,wet
ok,17/06/2009 06:15:18,936,dry
ok,17/06/2009 06:30:54,186,wet
ok,17/06/2009 06:34:00,12,dry
ok,17/06/2009 06:34:12,24,wet
ok,17/06/2009 06:34:36,75,dry
ok,17/06/2009 06:35:51,18,wet
ok,17/06/2009 06:36:09,9,dry
ok,17/06/2009 06:36:18,2868,wet
ok,17/06/2009 07:24:06,285,dry
ok,17/06/2009 07:28:51,7290,wet
ok,17/06/2009 09:30:21,9,dry
ok,17/06/2009 09:30:30,60,wet
ok,17/06/2009 09:31:30,6,dry
ok,17/06/2009 09:31:36,72,wet
ok,17/06/2009 09:32:48,21,dry
ok,17/06/2009 09:33:09,87,wet
ok,17/06/2009 09:34:36,549,dry
ok,17/06/2009 09:43:45,1191,wet
ok,17/06/2009 10:03:36,9042,dry
ok,17/06/2009 12:34:18,39,wet
ok,17/06/2009 12:34:57,9,dry
ok,17/06/2009 12:35:06,1446,wet
ok,17/06/2009 12:59:12,7476,dry
ok,17/06/2009 15:03:48,6,wet
ok,17/06/2009 15:03:54,25248,dry
ok,17/06/2009 22:04:42,630,wet
ok,17/06/2009 22:15:12,402,dry
ok,17/06/2009 22:21:54,621,wet
ok,17/06/2009 22:32:15,9,dry
ok,17/06/2009 22:32:24,186,wet
ok,17/06/2009 22:35:30,6,dry
ok,17/06/2009 22:35:36,33,wet
ok,17/06/2009 22:36:09,9,dry
ok,17/06/2009 22:36:18,210,wet
ok,17/06/2009 22:39:48,24,dry
ok,17/06/2009 22:40:12,402,wet
ok,17/06/2009 22:46:54,735,dry
ok,17/06/2009 22:59:09,1107,wet
ok,17/06/2009 23:17:36,12,dry
ok,17/06/2009 23:17:48,3516,wet
ok,18/06/2009 00:16:24,6,dry
ok,18/06/2009 00:16:30,1536,wet
ok,18/06/2009 00:42:06,15,dry
ok,18/06/2009 00:42:21,468,wet
ok,18/06/2009 00:50:09,855,dry
ok,18/06/2009 01:04:24,6960,wet
ok,18/06/2009 03:00:24,39,dry
ok,18/06/2009 03:01:03,19680,wet
ok,18/06/2009 08:29:03,21,dry
ok,18/06/2009 08:29:24,195,wet
ok,18/06/2009 08:32:39,9,dry
ok,18/06/2009 08:32:48,216,wet
ok,18/06/2009 08:36:24,15,dry
ok,18/06/2009 08:36:39,3111,wet
ok,18/06/2009 09:28:30,9,dry
ok,18/06/2009 09:28:39,30,wet
ok,18/06/2009 09:29:09,9,dry
ok,18/06/2009 09:29:18,78,wet
ok,18/06/2009 09:30:36,9540,dry
ok,18/06/2009 12:09:36,570,dry
ok,18/06/2009 12:19:06,42,wet
ok,18/06/2009 12:19:48,6,dry
ok,18/06/2009 12:19:54,120,wet
ok,18/06/2009 12:21:54,6,dry
ok,18/06/2009 12:22:00,27,wet
ok,18/06/2009 12:22:27,29196,dry
