date,time,y1,y2,y3,x1,x2,x3,qc,speed,x,y,lat,lon
"07,08,2009",13:03:40,54,0.5618,S,38,3.9646,W,2.5,0,54.00936333,38.06607667,-54.00936333,-38.06607667
"07,08,2009",13:24:09,53,58.828,S,38,6.0811,W,1.7,42.8,53.98046667,38.10135167,-53.98046667,-38.10135167
"07,08,2009",13:44:44,53,54.2314,S,38,15.3156,W,1.6,82.8,53.90385667,38.25526,-53.90385667,-38.25526
"07,08,2009",14:07:01,53,42.6689,S,38,27.2127,W,2.9,72.1,53.71114833,38.453545,-53.71114833,-38.453545
"07,08,2009",14:31:17,53,33.9008,S,38,23.0652,W,1.6,33.7,53.56501333,38.38442,-53.56501333,-38.38442
"07,08,2009",14:55:56,53,36.6071,S,38,15.5599,W,7.6,78,53.61011833,38.25933167,-53.61011833,-38.25933167
"07,08,2009",15:17:20,53,34.4703,S,38,1.0847,W,2,0,53.574505,38.01807833,-53.574505,-38.01807833
"07,08,2009",15:37:29,53,36.4006,S,37,54.0797,W,3,38.5,53.60667667,37.90132833,-53.60667667,-37.90132833
"07,08,2009",15:57:39,53,36.3555,S,37,58.604,W,3.2,31.1,53.605925,37.97673333,-53.605925,-37.97673333
"07,08,2009",16:17:59,53,33.1286,S,38,8.6352,W,2.9,43.6,53.55214333,38.14392,-53.55214333,-38.14392
"07,08,2009",16:38:14,53,35.0682,S,38,12.3646,W,3.9,38.4,53.58447,38.20607667,-53.58447,-38.20607667
"07,08,2009",16:58:43,53,35.9739,S,38,13.3987,W,2.4,70,53.599565,38.22331167,-53.599565,-38.22331167
"07,08,2009",17:20:49,53,33.6136,S,38,24.8884,W,2.5,81.5,53.56022667,38.41480667,-53.56022667,-38.41480667
"07,08,2009",17:44:01,53,33.7941,S,38,34.5165,W,4.6,34.7,53.563235,38.575275,-53.563235,-38.575275
"07,08,2009",18:08:28,53,34.4812,S,38,41.7743,W,3,36.3,53.57468667,38.69623833,-53.57468667,-38.69623833
"07,08,2009",18:28:41,53,36.895,S,38,44.2288,W,2,40.5,53.61491667,38.73714667,-53.61491667,-38.73714667
"07,08,2009",18:49:10,53,38.5012,S,38,48.5488,W,2.2,73.9,53.64168667,38.80914667,-53.64168667,-38.80914667
"07,08,2009",19:09:39,53,41.1697,S,38,50.3984,W,2,53,53.68616167,38.83997333,-53.68616167,-38.83997333
"07,08,2009",19:31:45,53,41.4283,S,38,51.3521,W,5.5,44.4,53.69047167,38.85586833,-53.69047167,-38.85586833
"07,08,2009",19:52:22,53,39.4266,S,38,58.2914,W,2.4,75.6,53.65711,38.97152333,-53.65711,-38.97152333
"07,08,2009",20:13:01,53,36.2535,S,39,5.4323,W,5,60.8,53.604225,39.09053833,-53.604225,-39.09053833
"07,08,2009",20:34:16,53,29.3563,S,39,13.9345,W,1.7,16.2,53.48927167,39.23224167,-53.48927167,-39.23224167
"07,08,2009",20:56:34,53,26.1086,S,39,17.4155,W,1.1,17.1,53.43514333,39.29025833,-53.43514333,-39.29025833
"07,08,2009",21:16:56,53,25.8792,S,39,17.6881,W,9,2,53.43132,39.29480167,-53.43132,-39.29480167
"07,08,2009",21:37:05,53,23.5379,S,39,17.5679,W,4,82.1,53.39229833,39.29279833,-53.39229833,-39.29279833
"07,08,2009",21:57:19,53,17.5365,S,39,14.1196,W,4.9,87.6,53.292275,39.23532667,-53.292275,-39.23532667
"07,08,2009",22:17:50,53,11.1415,S,39,14.6672,W,2,59.7,53.18569167,39.24445333,-53.18569167,-39.24445333
"07,08,2009",22:38:24,53,2.2401,S,39,18.3469,W,2.4,53.5,53.037335,39.30578167,-53.037335,-39.30578167
"07,08,2009",22:58:57,52,54.2001,S,39,24.1207,W,5.1,37.5,52.903335,39.40201167,-52.903335,-39.40201167
"07,08,2009",23:19:20,52,44.8939,S,39,28.9975,W,4.6,92.3,52.74823167,39.48329167,-52.74823167,-39.48329167
"07,08,2009",23:40:15,52,36.9391,S,39,35.6173,W,1.2,97.9,52.61565167,39.59362167,-52.61565167,-39.59362167
"08,08,2009",00:01:54,52,28.4149,S,39,41.4437,W,5,66,52.47358167,39.69072833,-52.47358167,-39.69072833
"08,08,2009",00:22:09,52,19.8108,S,39,46.8853,W,6.6,50.2,52.33018,39.78142167,-52.33018,-39.78142167
"08,08,2009",00:43:09,52,10.3205,S,39,51.4872,W,4,66,52.17200833,39.85812,-52.17200833,-39.85812
"08,08,2009",01:03:27,52,1.3729,S,39,52.7415,W,5.1,52.6,52.02288167,39.879025,-52.02288167,-39.879025
"08,08,2009",01:23:35,51,52.4032,S,39,55.4087,W,3.5,60,51.87338667,39.92347833,-51.87338667,-39.92347833
"08,08,2009",01:44:00,51,44.293,S,39,58.9192,W,11.5,42.7,51.73821667,39.98198667,-51.73821667,-39.98198667
"08,08,2009",02:04:44,51,36.0503,S,40,2.6431,W,1.8,60,51.60083833,40.04405167,-51.60083833,-40.04405167
"08,08,2009",02:25:07,51,27.8238,S,40,7.1925,W,2.2,67,51.46373,40.119875,-51.46373,-40.119875
"08,08,2009",02:45:25,51,19.3396,S,40,7.6252,W,5.4,58.1,51.32232667,40.12708667,-51.32232667,-40.12708667
"08,08,2009",03:06:15,51,10.6646,S,40,7.5623,W,1.3,59.3,51.17774333,40.12603833,-51.17774333,-40.12603833
"08,08,2009",03:27:25,51,1.9699,S,40,5.6493,W,2.9,57.2,51.03283167,40.094155,-51.03283167,-40.094155
"08,08,2009",03:48:08,50,53.4422,S,40,3.9625,W,1.5,63.3,50.89070333,40.06604167,-50.89070333,-40.06604167
"08,08,2009",04:08:29,50,45.2121,S,40,1.5613,W,1.5,47.9,50.753535,40.02602167,-50.753535,-40.02602167
"08,08,2009",04:29:08,50,36.6255,S,39,58.1099,W,2.2,59.4,50.610425,39.96849833,-50.610425,-39.96849833
"08,08,2009",04:49:51,50,28.4093,S,39,53.5903,W,1.7,57.4,50.47348833,39.89317167,-50.47348833,-39.89317167
"08,08,2009",05:10:40,50,19.3712,S,39,50.1802,W,2.5,63.4,50.32285333,39.83633667,-50.32285333,-39.83633667
"08,08,2009",05:30:52,50,10.2133,S,39,44.304,W,2.7,48.9,50.17022167,39.7384,-50.17022167,-39.7384
"08,08,2009",05:51:04,50,1.2111,S,39,37.8095,W,1.2,81.2,50.020185,39.63015833,-50.020185,-39.63015833
"08,08,2009",06:11:31,49,52.0159,S,39,31.8599,W,4.4,48.6,49.86693167,39.53099833,-49.86693167,-39.53099833
"08,08,2009",06:32:11,49,44.0487,S,39,29.2566,W,4,60.9,49.734145,39.48761,-49.734145,-39.48761
"08,08,2009",06:52:54,49,37.5941,S,39,26.4044,W,3.7,4.3,49.62656833,39.44007333,-49.62656833,-39.44007333
"08,08,2009",07:13:51,49,31.7457,S,39,26.8784,W,4.8,42,49.529095,39.44797333,-49.529095,-39.44797333
"08,08,2009",07:33:59,49,27.6853,S,39,32.1824,W,1.8,50.2,49.46142167,39.53637333,-49.46142167,-39.53637333
"08,08,2009",07:54:13,49,19.0731,S,39,30.5788,W,1.5,61.4,49.317885,39.50964667,-49.317885,-39.50964667
"08,08,2009",08:14:23,49,11.285,S,39,28.199,W,4.1,57.7,49.18808333,39.46998333,-49.18808333,-39.46998333
"08,08,2009",08:34:44,49,3.2554,S,39,24.7804,W,5,61.1,49.05425667,39.41300667,-49.05425667,-39.41300667
"08,08,2009",08:55:40,48,54.2149,S,39,23.6719,W,8.6,59.2,48.90358167,39.39453167,-48.90358167,-39.39453167
"08,08,2009",09:16:19,48,46.052,S,39,21.3248,W,2,44,48.76753333,39.35541333,-48.76753333,-39.35541333
"08,08,2009",09:36:30,48,38.4191,S,39,16.4123,W,2,58.5,48.64031833,39.27353833,-48.64031833,-39.27353833
"08,08,2009",09:56:45,48,30.485,S,39,18.5213,W,2.5,63.3,48.50808333,39.30868833,-48.50808333,-39.30868833
"08,08,2009",10:16:56,48,22.6795,S,39,16.3453,W,3.2,73,48.37799167,39.27242167,-48.37799167,-39.27242167
"08,08,2009",10:37:14,48,19.4056,S,39,23.9639,W,4.3,41.2,48.32342667,39.39939833,-48.32342667,-39.39939833
"08,08,2009",10:57:25,48,18.5478,S,39,25.4934,W,7,4.4,48.30913,39.42489,-48.30913,-39.42489
"08,08,2009",11:17:47,48,16.0361,S,39,24.8734,W,10.3,41.3,48.26726833,39.41455667,-48.26726833,-39.41455667
"08,08,2009",11:38:21,48,12.6923,S,39,27.6845,W,2.9,2,48.21153833,39.46140833,-48.21153833,-39.46140833
"08,08,2009",11:58:36,48,10.3606,S,39,30.6844,W,2.7,43.5,48.17267667,39.51140667,-48.17267667,-39.51140667
"08,08,2009",12:18:51,48,3.4017,S,39,24.3497,W,5.5,51.5,48.056695,39.40582833,-48.056695,-39.40582833
"08,08,2009",12:39:12,47,57.0077,S,39,17.7464,W,3.7,38.7,47.95012833,39.29577333,-47.95012833,-39.29577333
"08,08,2009",13:00:08,47,50.4232,S,39,12.4895,W,2.7,58.5,47.84038667,39.20815833,-47.84038667,-39.20815833
"08,08,2009",13:21:38,47,46.2223,S,39,17.4182,W,2,61.8,47.77037167,39.29030333,-47.77037167,-39.29030333
"08,08,2009",13:42:48,47,43.0658,S,39,22.8714,W,5.6,35.2,47.71776333,39.38119,-47.71776333,-39.38119
"08,08,2009",14:03:23,47,41.0462,S,39,29.6491,W,2.5,51.1,47.68410333,39.49415167,-47.68410333,-39.49415167
"08,08,2009",14:24:37,47,34.4345,S,39,29.5296,W,7.3,51.2,47.57390833,39.49216,-47.57390833,-39.49216
"08,08,2009",14:44:50,47,30.8282,S,39,35.6071,W,3.7,51.1,47.51380333,39.59345167,-47.51380333,-39.59345167
"08,08,2009",15:05:03,47,26.4729,S,39,40.6968,W,2.5,48.9,47.441215,39.67828,-47.441215,-39.67828
"08,08,2009",15:25:12,47,21.6542,S,39,44.48,W,2.5,80.9,47.36090333,39.74133333,-47.36090333,-39.74133333
"08,08,2009",15:45:25,47,20.2301,S,39,51.631,W,2.5,51.6,47.33716833,39.86051667,-47.33716833,-39.86051667
"08,08,2009",16:05:48,47,16.0575,S,39,54.5978,W,3,55.3,47.267625,39.90996333,-47.267625,-39.90996333
"08,08,2009",16:26:02,47,15.3117,S,40,1.086,W,2,51.3,47.255195,40.0181,-47.255195,-40.0181
"08,08,2009",16:46:16,47,22.5905,S,40,9.2537,W,2.5,45.1,47.37650833,40.15422833,-47.37650833,-40.15422833
"08,08,2009",17:06:30,47,24.8079,S,40,11.3621,W,3.9,46.9,47.413465,40.18936833,-47.413465,-40.18936833
"08,08,2009",17:26:45,47,24.1895,S,40,12.6927,W,2.5,39.9,47.40315833,40.211545,-47.40315833,-40.211545
"08,08,2009",17:48:43,47,17.1088,S,40,8.7875,W,1.7,49,47.28514667,40.14645833,-47.28514667,-40.14645833
"08,08,2009",18:09:06,47,13.6784,S,40,11.5277,W,5.9,17.1,47.22797333,40.19212833,-47.22797333,-40.19212833
"08,08,2009",18:32:09,47,5.7736,S,40,2.4153,W,3.4,0,47.09622667,40.040255,-47.09622667,-40.040255
"08,08,2009",18:52:42,47,3.6783,S,40,6.2764,W,4.4,49.9,47.061305,40.10460667,-47.061305,-40.10460667
"08,08,2009",19:13:09,47,3.172,S,40,7.2319,W,7.9,94.8,47.05286667,40.12053167,-47.05286667,-40.12053167
"08,08,2009",19:34:52,47,0.094,S,40,4.4248,W,6.6,45.9,47.00156667,40.07374667,-47.00156667,-40.07374667
"08,08,2009",19:57:26,46,52.0953,S,39,53.3084,W,6.6,70.3,46.868255,39.88847333,-46.868255,-39.88847333
"08,08,2009",20:20:15,46,43.8727,S,39,45.2115,W,1.7,54.8,46.73121167,39.753525,-46.73121167,-39.753525
"08,08,2009",20:40:43,46,39.6128,S,39,40.5131,W,2.5,3.9,46.66021333,39.67521833,-46.66021333,-39.67521833
"08,08,2009",21:01:21,46,39.5862,S,39,40.052,W,2,2.8,46.65977,39.66753333,-46.65977,-39.66753333
"08,08,2009",21:21:50,46,39.5379,S,39,39.5753,W,3.9,4.3,46.658965,39.65958833,-46.658965,-39.65958833
"08,08,2009",21:41:59,46,39.5017,S,39,39.0507,W,3,0,46.65836167,39.650845,-46.65836167,-39.650845
"08,08,2009",22:02:14,46,39.5038,S,39,38.4967,W,5.6,2.4,46.65839667,39.64161167,-46.65839667,-39.64161167
"08,08,2009",22:22:23,46,39.4557,S,39,37.9101,W,5.6,6.9,46.657595,39.631835,-46.657595,-39.631835
"08,08,2009",22:42:51,46,39.4502,S,39,37.3787,W,2,3.9,46.65750333,39.62297833,-46.65750333,-39.62297833
"08,08,2009",23:02:58,46,37.2081,S,39,32.3833,W,2.5,55.4,46.620135,39.53972167,-46.620135,-39.53972167
"08,08,2009",23:23:11,46,31.4774,S,39,21.9811,W,2,73.9,46.52462333,39.36635167,-46.52462333,-39.36635167
"08,08,2009",23:43:23,46,25.6391,S,39,11.5156,W,3.2,36.6,46.42731833,39.19192667,-46.42731833,-39.19192667
"09,08,2009",00:03:52,46,19.3581,S,39,0.7915,W,1.6,2.8,46.322635,39.01319167,-46.322635,-39.01319167
"09,08,2009",00:24:03,46,15.3938,S,38,53.1223,W,4.5,71.6,46.25656333,38.88537167,-46.25656333,-38.88537167
"09,08,2009",00:44:16,46,11.9031,S,38,43.1021,W,5.3,54,46.198385,38.71836833,-46.198385,-38.71836833
"09,08,2009",01:04:35,46,5.3806,S,38,31.6382,W,11,56.9,46.08967667,38.52730333,-46.08967667,-38.52730333
"09,08,2009",01:24:47,45,59.1199,S,38,20.0066,W,2.5,47.8,45.98533167,38.33344333,-45.98533167,-38.33344333
"09,08,2009",01:45:00,45,52.6139,S,38,9.8179,W,2.2,63.9,45.87689833,38.16363167,-45.87689833,-38.16363167
"09,08,2009",02:05:19,45,45.3066,S,37,59.3042,W,2.2,107.8,45.75511,37.98840333,-45.75511,-37.98840333
"09,08,2009",02:25:51,45,37.8954,S,37,48.9691,W,1.2,77.1,45.63159,37.81615167,-45.63159,-37.81615167
"09,08,2009",02:46:06,45,29.8145,S,37,38.7561,W,2,77,45.49690833,37.645935,-45.49690833,-37.645935
"09,08,2009",03:06:26,45,22.043,S,37,28.8053,W,4.5,55.6,45.36738333,37.48008833,-45.36738333,-37.48008833
"09,08,2009",03:27:50,45,17.2792,S,37,25.9656,W,7.9,43.2,45.28798667,37.43276,-45.28798667,-37.43276
"09,08,2009",03:49:22,45,10.0988,S,37,15.1294,W,11.1,52,45.16831333,37.25215667,-45.16831333,-37.25215667
"09,08,2009",04:09:39,45,3.3027,S,37,3.7149,W,3.9,56.1,45.055045,37.061915,-45.055045,-37.061915
"09,08,2009",04:30:40,44,56.297,S,36,51.1323,W,2,43.1,44.93828333,36.852205,-44.93828333,-36.852205
"09,08,2009",04:51:50,44,49.9135,S,36,42.8792,W,2,78,44.83189167,36.71465333,-44.83189167,-36.71465333
"09,08,2009",05:12:03,44,50.1211,S,36,42.9945,W,2.5,88.7,44.83535167,36.716575,-44.83535167,-36.716575
"09,08,2009",05:32:44,44,42.6907,S,36,38.6296,W,5,0,44.71151167,36.64382667,-44.71151167,-36.64382667
"09,08,2009",05:53:08,44,42.5548,S,36,38.2844,W,2.4,12.2,44.70924667,36.63807333,-44.70924667,-36.63807333
"09,08,2009",06:15:51,44,45.4791,S,36,36.7709,W,3,43.3,44.757985,36.61284833,-44.757985,-36.61284833
"09,08,2009",06:36:21,44,42.2746,S,36,29.536,W,5,56.5,44.70457667,36.49226667,-44.70457667,-36.49226667
"09,08,2009",06:59:20,44,32.3081,S,36,23.2837,W,6.8,76.5,44.53846833,36.38806167,-44.53846833,-36.38806167
"09,08,2009",07:22:44,44,27.7091,S,36,21.1614,W,4.6,77.4,44.46181833,36.35269,-44.46181833,-36.35269
"09,08,2009",07:42:53,44,18.6223,S,36,19.5063,W,2.9,77,44.31037167,36.325105,-44.31037167,-36.325105
"09,08,2009",08:03:10,44,15.1174,S,36,18.6716,W,2.7,48.4,44.25195667,36.31119333,-44.25195667,-36.31119333
"09,08,2009",08:23:25,44,6.5385,S,36,18.8561,W,3,34,44.108975,36.31426833,-44.108975,-36.31426833
"09,08,2009",08:43:33,43,57.8121,S,36,18.8455,W,7.1,48,43.963535,36.31409167,-43.963535,-36.31409167
"09,08,2009",09:03:48,43,49.5978,S,36,20.5821,W,3.2,42.9,43.82663,36.343035,-43.82663,-36.343035
"09,08,2009",09:25:16,43,40.2441,S,36,20.6824,W,9,109.3,43.670735,36.34470667,-43.670735,-36.34470667
"09,08,2009",09:46:50,43,38.5191,S,36,19.8088,W,2.7,9.9,43.641985,36.33014667,-43.641985,-36.33014667
"09,08,2009",10:07:00,43,30.4897,S,36,20.8499,W,2.4,60.1,43.50816167,36.34749833,-43.50816167,-36.34749833
"09,08,2009",10:27:38,43,21.3436,S,36,23.8371,W,3.2,3.8,43.35572667,36.397285,-43.35572667,-36.397285
"09,08,2009",10:47:49,43,13.4521,S,36,25.9778,W,2.2,83.2,43.22420167,36.43296333,-43.22420167,-36.43296333
"09,08,2009",11:07:55,43,3.6164,S,36,28.9713,W,2.4,62.5,43.06027333,36.482855,-43.06027333,-36.482855
"09,08,2009",11:28:10,42,51.4997,S,36,27.8406,W,2.5,75.1,42.85832833,36.46401,-42.85832833,-36.46401
"09,08,2009",11:51:19,42,38.0037,S,36,27.2302,W,2.2,56.1,42.633395,36.45383667,-42.633395,-36.45383667
"09,08,2009",12:11:34,42,27.3894,S,36,27.5912,W,7,63.9,42.45649,36.45985333,-42.45649,-36.45985333
"09,08,2009",12:31:48,42,16.7244,S,36,28.4177,W,2,19.3,42.27874,36.47362833,-42.27874,-36.47362833
"09,08,2009",12:52:50,42,9.3361,S,36,27.9575,W,2,5.3,42.15560167,36.46595833,-42.15560167,-36.46595833
"09,08,2009",13:12:57,42,9.34,S,36,27.5918,W,2.5,0,42.15566667,36.45986333,-42.15566667,-36.45986333
"09,08,2009",13:33:09,42,9.2961,S,36,27.2564,W,2.7,3.8,42.154935,36.45427333,-42.154935,-36.45427333
"09,08,2009",13:53:18,42,9.302,S,36,26.9527,W,9.3,0,42.15503333,36.44921167,-42.15503333,-36.44921167
"09,08,2009",14:13:27,42,9.2786,S,36,26.6365,W,3,8,42.15464333,36.44394167,-42.15464333,-36.44394167
"09,08,2009",14:33:40,42,9.2387,S,36,26.3078,W,2.2,6.8,42.15397833,36.43846333,-42.15397833,-36.43846333
"09,08,2009",14:54:19,42,9.1879,S,36,25.9609,W,1.7,0,42.15313167,36.43268167,-42.15313167,-36.43268167
"09,08,2009",15:14:27,42,9.1208,S,36,25.6185,W,1.8,4.3,42.15201333,36.426975,-42.15201333,-36.426975
"09,08,2009",15:34:41,42,8.5517,S,36,25.4594,W,1.7,56,42.14252833,36.42432333,-42.14252833,-36.42432333
"09,08,2009",15:54:58,42,4.3912,S,36,24.9079,W,2.2,2,42.07318667,36.41513167,-42.07318667,-36.41513167
"09,08,2009",16:15:04,42,4.3321,S,36,24.4408,W,3.2,3.3,42.07220167,36.40734667,-42.07220167,-36.40734667
"09,08,2009",16:35:17,42,4.2811,S,36,23.9701,W,3.7,4.4,42.07135167,36.39950167,-42.07135167,-36.39950167
"09,08,2009",16:55:27,42,4.2125,S,36,23.4897,W,4.1,0,42.07020833,36.391495,-42.07020833,-36.391495
"09,08,2009",17:15:35,42,4.1741,S,36,23.0203,W,5.3,2.8,42.06956833,36.38367167,-42.06956833,-36.38367167
"09,08,2009",17:35:46,41,56.6014,S,36,22.6775,W,5.3,44.6,41.94335667,36.37795833,-41.94335667,-36.37795833
"09,08,2009",17:56:20,41,55.9115,S,36,22.5154,W,1.1,0,41.93185833,36.37525667,-41.93185833,-36.37525667
"09,08,2009",18:16:30,41,55.8616,S,36,22.1931,W,1.6,0,41.93102667,36.369885,-41.93102667,-36.369885
"09,08,2009",18:36:41,41,55.819,S,36,21.9001,W,1.2,0,41.93031667,36.36500167,-41.93031667,-36.36500167
"09,08,2009",18:56:52,41,53.7329,S,36,23.4875,W,2.4,55.4,41.89554833,36.39145833,-41.89554833,-36.39145833
"09,08,2009",19:17:49,41,46.0937,S,36,23.3449,W,1.8,56.4,41.76822833,36.38908167,-41.76822833,-36.38908167
"09,08,2009",19:39:43,41,38.4146,S,36,25.0194,W,2.5,32.7,41.64024333,36.41699,-41.64024333,-36.41699
"09,08,2009",19:59:59,41,35.1622,S,36,25.7046,W,2,2.8,41.58603667,36.42841,-41.58603667,-36.42841
"09,08,2009",20:20:09,41,35.2816,S,36,25.5167,W,4.1,4.1,41.58802667,36.42527833,-41.58802667,-36.42527833
"09,08,2009",20:40:17,41,35.3949,S,36,25.3211,W,3.5,1.8,41.589915,36.42201833,-41.589915,-36.42201833
"09,08,2009",21:00:35,41,35.5485,S,36,25.1051,W,4.3,3.8,41.592475,36.41841833,-41.592475,-36.41841833
"09,08,2009",21:21:14,41,35.6845,S,36,24.8821,W,3.4,0,41.59474167,36.41470167,-41.59474167,-36.41470167
"09,08,2009",21:41:49,41,35.8078,S,36,24.6044,W,1.1,2.7,41.59679667,36.41007333,-41.59679667,-36.41007333
"09,08,2009",22:01:57,41,35.9331,S,36,24.3772,W,4.9,0,41.598885,36.40628667,-41.598885,-36.40628667
"09,08,2009",22:22:03,41,36.0374,S,36,24.1429,W,2.5,2,41.60062333,36.40238167,-41.60062333,-36.40238167
"09,08,2009",22:42:09,41,36.1475,S,36,23.902,W,2,1.8,41.60245833,36.39836667,-41.60245833,-36.39836667
"09,08,2009",23:02:16,41,36.2447,S,36,23.6495,W,1.2,2.5,41.60407833,36.39415833,-41.60407833,-36.39415833
"09,08,2009",23:22:27,41,36.3286,S,36,23.3948,W,2.2,0,41.60547667,36.38991333,-41.60547667,-36.38991333
"09,08,2009",23:42:39,41,36.3911,S,36,23.1376,W,7.5,0,41.60651833,36.38562667,-41.60651833,-36.38562667
"10,08,2009",00:03:20,41,36.4169,S,36,22.8683,W,1.7,0,41.60694833,36.38113833,-41.60694833,-36.38113833
"10,08,2009",00:23:27,41,36.4346,S,36,22.5695,W,4,0,41.60724333,36.37615833,-41.60724333,-36.37615833
"10,08,2009",00:43:40,41,32.6294,S,36,23.9469,W,1.6,48.3,41.54382333,36.399115,-41.54382333,-36.399115
"10,08,2009",01:03:46,41,26.9141,S,36,25.6665,W,2.5,5.4,41.44856833,36.427775,-41.44856833,-36.427775
"10,08,2009",01:23:53,41,27.0365,S,36,25.3857,W,2.2,0,41.45060833,36.423095,-41.45060833,-36.423095
"10,08,2009",01:44:14,41,21.7068,S,36,27.7911,W,2.4,47.1,41.36178,36.463185,-41.36178,-36.463185
"10,08,2009",02:04:48,41,15.7361,S,36,30.2682,W,2,48,41.26226833,36.50447,-41.26226833,-36.50447
"10,08,2009",02:25:21,41,8.5077,S,36,31.5072,W,1.2,46.5,41.141795,36.52512,-41.141795,-36.52512
"10,08,2009",02:45:34,41,4.3216,S,36,30.9114,W,2,2.5,41.07202667,36.51519,-41.07202667,-36.51519
"10,08,2009",03:05:48,41,0.1481,S,36,32.231,W,3.2,45,41.00246833,36.53718333,-41.00246833,-36.53718333
"10,08,2009",03:25:57,40,59.413,S,36,32.1837,W,7,65.5,40.99021667,36.536395,-40.99021667,-36.536395
"10,08,2009",03:46:12,40,56.839,S,36,32.0835,W,2.5,0,40.94731667,36.534725,-40.94731667,-36.534725
"10,08,2009",04:06:23,40,55.0906,S,36,32.4282,W,2.2,44.4,40.91817667,36.54047,-40.91817667,-36.54047
"10,08,2009",04:26:56,40,47.9239,S,36,32.0433,W,1.8,61,40.79873167,36.534055,-40.79873167,-36.534055
"10,08,2009",04:47:05,40,40.061,S,36,29.8235,W,2.2,63.6,40.66768333,36.49705833,-40.66768333,-36.49705833
"10,08,2009",05:07:21,40,32.0393,S,36,27.6645,W,2,66.2,40.53398833,36.461075,-40.53398833,-36.461075
"10,08,2009",05:27:50,40,24.9065,S,36,28.5774,W,2,31.5,40.41510833,36.47629,-40.41510833,-36.47629
"10,08,2009",05:48:02,40,18.9764,S,36,32.0889,W,1.7,56.8,40.31627333,36.534815,-40.31627333,-36.534815
"10,08,2009",06:08:17,40,11.6051,S,36,33.0029,W,2.5,57.6,40.19341833,36.55004833,-40.19341833,-36.55004833
"10,08,2009",06:28:29,40,4.8328,S,36,36.4721,W,3.2,57.6,40.08054667,36.60786833,-40.08054667,-36.60786833
"10,08,2009",06:48:44,40,0.744,S,36,40.7076,W,3.5,66.2,40.0124,36.67846,-40.0124,-36.67846
"10,08,2009",07:09:49,39,54.8834,S,36,43.9304,W,2.5,48.6,39.91472333,36.73217333,-39.91472333,-36.73217333
"10,08,2009",07:29:58,39,51.9135,S,36,47.6085,W,7.8,47.8,39.865225,36.793475,-39.865225,-36.793475
"10,08,2009",07:50:09,39,49.055,S,36,52.6654,W,7.3,67.5,39.81758333,36.87775667,-39.81758333,-36.87775667
"10,08,2009",08:10:26,39,44.5866,S,36,57.4787,W,4.9,55.9,39.74311,36.95797833,-39.74311,-36.95797833
"10,08,2009",08:31:21,39,39.199,S,37,2.516,W,5.5,51.2,39.65331667,37.04193333,-39.65331667,-37.04193333
"10,08,2009",08:51:55,39,34.186,S,37,7.6182,W,10.8,50.7,39.56976667,37.12697,-39.56976667,-37.12697
"10,08,2009",09:12:04,39,32.3226,S,37,16.8084,W,7.6,58.2,39.53871,37.28014,-39.53871,-37.28014
"10,08,2009",09:32:34,39,30.1169,S,37,23.5499,W,3.5,54,39.50194833,37.39249833,-39.50194833,-37.39249833
"10,08,2009",09:53:20,39,29.2316,S,37,32.7623,W,5,60.9,39.48719333,37.54603833,-39.48719333,-37.54603833
"10,08,2009",10:13:33,39,30.1182,S,37,41.1684,W,8.1,58.9,39.50197,37.68614,-39.50197,-37.68614
"10,08,2009",10:33:50,39,31.8917,S,37,49.3771,W,10.3,46.5,39.53152833,37.82295167,-39.53152833,-37.82295167
"10,08,2009",10:54:40,39,33.4511,S,37,58.0954,W,6.5,56.4,39.55751833,37.96825667,-39.55751833,-37.96825667
"10,08,2009",11:15:44,39,30.2402,S,38,5.0031,W,2,0,39.50400333,38.083385,-39.50400333,-38.083385
"10,08,2009",11:36:14,39,31.5454,S,38,13.3445,W,11.3,45.7,39.52575667,38.22240833,-39.52575667,-38.22240833
"10,08,2009",11:56:27,39,33.44,S,38,23.9148,W,7.8,54.3,39.55733333,38.39858,-39.55733333,-38.39858
"10,08,2009",12:16:52,39,33.6592,S,38,25.0741,W,4.5,0,39.56098667,38.41790167,-39.56098667,-38.41790167
"10,08,2009",12:38:23,39,35.4312,S,38,33.5759,W,2.5,60.3,39.59052,38.55959833,-39.59052,-38.55959833
"10,08,2009",13:00:19,39,38.3334,S,38,45.1347,W,4.3,46.3,39.63889,38.752245,-39.63889,-38.752245
"10,08,2009",13:20:50,39,40.245,S,38,53.3105,W,2,75.8,39.67075,38.88850833,-39.67075,-38.88850833
"10,08,2009",13:40:57,39,43.4213,S,39,1.5447,W,2.5,63.1,39.72368833,39.025745,-39.72368833,-39.025745
"10,08,2009",14:01:09,39,48.8124,S,39,11.7235,W,5,56.6,39.81354,39.19539167,-39.81354,-39.19539167
"10,08,2009",14:22:38,39,55.3169,S,39,21.0713,W,1.5,73.2,39.92194833,39.35118833,-39.92194833,-39.35118833
"10,08,2009",14:44:32,40,3.3175,S,39,29.1142,W,1.7,54.3,40.05529167,39.48523667,-40.05529167,-39.48523667
"10,08,2009",15:04:46,40,10.5125,S,39,34.8168,W,1.8,22.8,40.17520833,39.58028,-40.17520833,-39.58028
"10,08,2009",15:25:04,40,20.0039,S,39,39.5067,W,1.8,47.3,40.33339833,39.658445,-40.33339833,-39.658445
"10,08,2009",15:45:48,40,29.9286,S,39,44.9477,W,2,55.5,40.49881,39.74912833,-40.49881,-39.74912833
"10,08,2009",16:06:37,40,37.4695,S,39,49.6198,W,1.8,84.6,40.62449167,39.82699667,-40.62449167,-39.82699667
"10,08,2009",16:27:21,40,42.9854,S,39,52.5556,W,1.8,54,40.71642333,39.87592667,-40.71642333,-39.87592667
"10,08,2009",16:48:08,40,47.8451,S,39,55.217,W,2.7,59.4,40.79741833,39.92028333,-40.79741833,-39.92028333
"10,08,2009",17:08:27,40,57.2832,S,39,59.125,W,4.4,44.7,40.95472,39.98541667,-40.95472,-39.98541667
"10,08,2009",17:28:39,41,6.0309,S,40,4.3084,W,3.5,50.7,41.100515,40.07180667,-41.100515,-40.07180667
"10,08,2009",17:49:24,41,14.9236,S,40,9.6054,W,2.7,83,41.24872667,40.16009,-41.24872667,-40.16009
"10,08,2009",18:09:51,41,22.1227,S,40,14.0948,W,1.7,3.7,41.36871167,40.23491333,-41.36871167,-40.23491333
"10,08,2009",18:30:06,41,30.3586,S,40,18.6561,W,4,73.3,41.50597667,40.310935,-41.50597667,-40.310935
"10,08,2009",18:50:13,41,34.3046,S,40,25.1821,W,3.4,45.8,41.57174333,40.41970167,-41.57174333,-40.41970167
"10,08,2009",19:10:19,41,30.2391,S,40,30.8393,W,5.9,34.3,41.503985,40.51398833,-41.503985,-40.51398833
"10,08,2009",19:30:27,41,25.9232,S,40,36.2035,W,3.7,59.2,41.43205333,40.60339167,-41.43205333,-40.60339167
"10,08,2009",19:50:39,41,22.0955,S,40,41.4852,W,3.7,37.3,41.36825833,40.69142,-41.36825833,-40.69142
"10,08,2009",20:10:57,41,23.0755,S,40,40.9634,W,3,39.2,41.38459167,40.68272333,-41.38459167,-40.68272333
"10,08,2009",20:31:54,41,23.3019,S,40,41.8213,W,3,0,41.388365,40.69702167,-41.388365,-40.69702167
"10,08,2009",20:52:12,41,23.3869,S,40,41.7136,W,5.3,2.8,41.38978167,40.69522667,-41.38978167,-40.69522667
"10,08,2009",21:12:52,41,23.419,S,40,41.6051,W,1.2,4.1,41.39031667,40.69341833,-41.39031667,-40.69341833
"10,08,2009",21:32:59,41,23.5141,S,40,41.5627,W,5,0,41.39190167,40.69271167,-41.39190167,-40.69271167
"10,08,2009",21:53:04,41,23.5813,S,40,41.5397,W,1.7,0,41.39302167,40.69232833,-41.39302167,-40.69232833
"10,08,2009",22:13:11,41,23.6533,S,40,41.5184,W,3.9,1.8,41.39422167,40.69197333,-41.39422167,-40.69197333
"10,08,2009",22:33:21,41,23.7241,S,40,41.5212,W,2,0,41.39540167,40.69202,-41.39540167,-40.69202
"10,08,2009",22:53:29,41,23.7921,S,40,41.5205,W,6.6,2.4,41.396535,40.69200833,-41.396535,-40.69200833
"10,08,2009",23:13:37,41,21.4394,S,40,40.3805,W,7,2.9,41.35732333,40.67300833,-41.35732333,-40.67300833
"10,08,2009",23:33:45,41,21.4476,S,40,40.3022,W,7.5,0,41.35746,40.67170333,-41.35746,-40.67170333
"10,08,2009",23:54:22,41,21.371,S,40,40.2412,W,6.4,0,41.35618333,40.67068667,-41.35618333,-40.67068667
"11,08,2009",00:14:50,41,21.3758,S,40,40.2051,W,7,0,41.35626333,40.670085,-41.35626333,-40.670085
"11,08,2009",00:34:57,41,21.4341,S,40,40.1745,W,4.5,2,41.357235,40.669575,-41.357235,-40.669575
"11,08,2009",00:55:18,41,21.5106,S,40,40.1346,W,8.3,4.8,41.35851,40.66891,-41.35851,-40.66891
"11,08,2009",01:16:17,41,26.9387,S,40,38.279,W,10.1,52.1,41.44897833,40.63798333,-41.44897833,-40.63798333
"11,08,2009",01:39:38,41,36.5737,S,40,36.0332,W,3.4,75.8,41.60956167,40.60055333,-41.60956167,-40.60055333
"11,08,2009",02:03:13,41,48.1115,S,40,33.0523,W,1.7,36,41.80185833,40.55087167,-41.80185833,-40.55087167
"11,08,2009",02:23:46,41,57.0908,S,40,29.5016,W,3.4,43.6,41.95151333,40.49169333,-41.95151333,-40.49169333
"11,08,2009",02:44:53,42,5.4846,S,40,27.8799,W,3.2,38,42.09141,40.464665,-42.09141,-40.464665
"11,08,2009",03:05:21,42,14.5678,S,40,24.749,W,3.7,35,42.24279667,40.41248333,-42.24279667,-40.41248333
"11,08,2009",03:28:07,42,24.2103,S,40,21.1811,W,4.8,99,42.403505,40.35301833,-42.403505,-40.35301833
"11,08,2009",03:53:13,42,31.2366,S,40,20.1115,W,1.7,33.8,42.52061,40.33519167,-42.52061,-40.33519167
"11,08,2009",04:13:27,42,31.4191,S,40,21.2605,W,1.8,69.5,42.52365167,40.35434167,-42.52365167,-40.35434167
"11,08,2009",04:33:39,42,34.5634,S,40,20.8773,W,3.7,49.2,42.57605667,40.347955,-42.57605667,-40.347955
"11,08,2009",04:53:52,42,43.6876,S,40,17.955,W,3.4,62.2,42.72812667,40.29925,-42.72812667,-40.29925
"11,08,2009",05:14:07,42,54.0122,S,40,14.8255,W,2.4,97.7,42.90020333,40.24709167,-42.90020333,-40.24709167
"11,08,2009",05:34:32,43,5.1095,S,40,10.5987,W,3,45.3,43.08515833,40.176645,-43.08515833,-40.176645
"11,08,2009",05:55:00,43,14.9995,S,40,5.3424,W,4.4,43.7,43.24999167,40.08904,-43.24999167,-40.08904
"11,08,2009",06:17:38,43,24.7468,S,40,0.9273,W,3,57.8,43.41244667,40.015455,-43.41244667,-40.015455
"11,08,2009",06:37:45,43,34.7678,S,39,55.6773,W,2,44.1,43.57946333,39.927955,-43.57946333,-39.927955
"11,08,2009",06:58:07,43,44.7337,S,39,51.2503,W,4,55.3,43.74556167,39.85417167,-43.74556167,-39.85417167
"11,08,2009",07:18:26,43,54.7047,S,39,46.1368,W,3.9,88.7,43.911745,39.76894667,-43.911745,-39.76894667
"11,08,2009",07:38:49,44,3.6065,S,39,41.7714,W,7.9,74.4,44.06010833,39.69619,-44.06010833,-39.69619
"11,08,2009",08:00:22,44,14.2184,S,39,37.6,W,2,50,44.23697333,39.62666667,-44.23697333,-39.62666667
"11,08,2009",08:23:45,44,18.0685,S,39,36.0248,W,1.5,84.9,44.30114167,39.60041333,-44.30114167,-39.60041333
"11,08,2009",08:44:05,44,27.4234,S,39,31.9783,W,6.3,91.5,44.45705667,39.53297167,-44.45705667,-39.53297167
"11,08,2009",09:04:26,44,37.4084,S,39,28.8376,W,2.5,64.9,44.62347333,39.48062667,-44.62347333,-39.48062667
"11,08,2009",09:25:09,44,43.365,S,39,26.2269,W,6.4,47.8,44.72275,39.437115,-44.72275,-39.437115
"11,08,2009",09:45:39,44,53.3433,S,39,19.289,W,5,77.7,44.889055,39.32148333,-44.889055,-39.32148333
"11,08,2009",10:06:13,44,57.7986,S,39,16.1142,W,4,62.7,44.96331,39.26857,-44.96331,-39.26857
"11,08,2009",10:26:52,45,1.8833,S,39,11.6993,W,1.6,2,45.03138833,39.19498833,-45.03138833,-39.19498833
"11,08,2009",10:47:01,45,3.1114,S,39,10.4216,W,2,71.8,45.05185667,39.17369333,-45.05185667,-39.17369333
"11,08,2009",11:07:21,45,13.213,S,39,0.2877,W,1.1,64.7,45.22021667,39.004795,-45.22021667,-39.004795
"11,08,2009",11:27:33,45,20.81,S,38,53.3787,W,3.7,88.5,45.34683333,38.889645,-45.34683333,-38.889645
"11,08,2009",11:47:46,45,30.8996,S,38,42.0738,W,1.6,61.2,45.51499333,38.70123,-45.51499333,-38.70123
"11,08,2009",12:09:33,45,34.8195,S,38,37.7876,W,4.9,5.1,45.580325,38.62979333,-45.580325,-38.62979333
"11,08,2009",12:32:24,45,38.9884,S,38,31.6825,W,3.5,65.7,45.64980667,38.52804167,-45.64980667,-38.52804167
"11,08,2009",12:53:25,45,49.6554,S,38,21.3717,W,3.4,101.5,45.82759,38.356195,-45.82759,-38.356195
"11,08,2009",13:13:45,45,59.18,S,38,11.1792,W,3.4,94.4,45.98633333,38.18632,-45.98633333,-38.18632
"11,08,2009",13:34:10,46,4.0735,S,38,4.9617,W,2.5,20,46.06789167,38.082695,-46.06789167,-38.082695
"11,08,2009",13:55:41,46,12.6321,S,37,54.2678,W,0.8,3.9,46.210535,37.90446333,-46.210535,-37.90446333
"11,08,2009",14:15:56,46,20.6225,S,37,44.1644,W,1.2,91,46.34370833,37.73607333,-46.34370833,-37.73607333
"11,08,2009",14:36:08,46,27.5507,S,37,33.2589,W,1.5,85.3,46.45917833,37.554315,-46.45917833,-37.554315
"11,08,2009",14:56:17,46,31.7183,S,37,29.0033,W,3.7,2.9,46.52863833,37.48338833,-46.52863833,-37.48338833
"11,08,2009",15:16:42,46,37.0328,S,37,22.5703,W,8.8,81.9,46.61721333,37.37617167,-46.61721333,-37.37617167
"11,08,2009",15:38:46,46,46.8798,S,37,12.6409,W,2.9,66.6,46.78133,37.21068167,-46.78133,-37.21068167
"11,08,2009",15:59:03,46,49.5392,S,37,10.5141,W,5.8,12.3,46.82565333,37.175235,-46.82565333,-37.175235
"11,08,2009",16:19:50,46,54.8581,S,37,5.1878,W,7.5,52.8,46.91430167,37.08646333,-46.91430167,-37.08646333
"11,08,2009",16:41:53,47,4.4427,S,36,58.7563,W,1.2,69.7,47.074045,36.97927167,-47.074045,-36.97927167
"11,08,2009",17:02:05,47,12.8885,S,36,53.1785,W,2.5,35.6,47.21480833,36.88630833,-47.21480833,-36.88630833
"11,08,2009",17:22:18,47,20.4383,S,36,49.2038,W,1.8,51.4,47.34063833,36.82006333,-47.34063833,-36.82006333
"11,08,2009",17:42:32,47,24.4542,S,36,52.198,W,3.7,45.3,47.40757,36.86996667,-47.40757,-36.86996667
"11,08,2009",18:03:04,47,25.88,S,36,57.5034,W,2.5,50.1,47.43133333,36.95839,-47.43133333,-36.95839
"11,08,2009",18:24:18,47,31.3864,S,37,2.1051,W,2,50.3,47.52310667,37.035085,-47.52310667,-37.035085
"11,08,2009",18:45:56,47,33.3749,S,37,10.2148,W,7.9,58.9,47.55624833,37.17024667,-47.55624833,-37.17024667
"11,08,2009",19:06:10,47,30.8032,S,37,18.8236,W,6.6,55,47.51338667,37.31372667,-47.51338667,-37.31372667
"11,08,2009",19:26:24,47,32.5498,S,37,26.2284,W,6.5,64,47.54249667,37.43714,-47.54249667,-37.43714
"11,08,2009",19:46:44,47,38.0824,S,37,30.7808,W,4.5,51,47.63470667,37.51301333,-47.63470667,-37.51301333
"11,08,2009",20:07:27,47,39.7374,S,37,37.8174,W,3,66.8,47.66229,37.63029,-47.66229,-37.63029
"11,08,2009",20:28:29,47,46.7662,S,37,35.7656,W,3.5,49.3,47.77943667,37.59609333,-47.77943667,-37.59609333
"11,08,2009",20:49:22,47,52.1615,S,37,31.237,W,1.2,2.9,47.86935833,37.52061667,-47.86935833,-37.52061667
"11,08,2009",21:09:33,47,52.2472,S,37,30.9305,W,2,0,47.87078667,37.51550833,-47.87078667,-37.51550833
"11,08,2009",21:29:45,47,52.3568,S,37,30.6582,W,3.2,0,47.87261333,37.51097,-47.87261333,-37.51097
"11,08,2009",21:49:51,47,52.4715,S,37,30.3576,W,3.7,0,47.874525,37.50596,-47.874525,-37.50596
"11,08,2009",22:09:57,47,52.5844,S,37,30.0634,W,2,0,47.87640667,37.50105667,-47.87640667,-37.50105667
"11,08,2009",22:30:04,47,52.7084,S,37,29.7757,W,2.4,0,47.87847333,37.49626167,-47.87847333,-37.49626167
"11,08,2009",22:50:18,47,52.8334,S,37,29.4908,W,5.4,2.8,47.88055667,37.49151333,-47.88055667,-37.49151333
"11,08,2009",23:10:51,47,52.9679,S,37,29.2339,W,1.3,2.2,47.88279833,37.48723167,-47.88279833,-37.48723167
"11,08,2009",23:30:59,47,53.0921,S,37,29.0045,W,1.2,0,47.88486833,37.48340833,-47.88486833,-37.48340833
"11,08,2009",23:51:08,47,53.2341,S,37,28.8138,W,1.6,1.8,47.887235,37.48023,-47.887235,-37.48023
"12,08,2009",00:11:15,47,53.3994,S,37,28.6485,W,7.1,1.9,47.88999,37.477475,-47.88999,-37.477475
"12,08,2009",00:31:22,47,53.5611,S,37,28.473,W,7.3,2,47.892685,37.47455,-47.892685,-37.47455
"12,08,2009",00:51:32,47,53.7392,S,37,28.3145,W,4.5,0,47.89565333,37.47190833,-47.89565333,-37.47190833
"12,08,2009",01:11:38,47,53.8998,S,37,28.1659,W,4.6,2.4,47.89833,37.46943167,-47.89833,-37.46943167
"12,08,2009",01:31:45,47,54.0679,S,37,27.9922,W,3.5,4.2,47.90113167,37.46653667,-47.90113167,-37.46653667
"12,08,2009",01:51:52,47,54.214,S,37,27.8179,W,5,2.7,47.90356667,37.46363167,-47.90356667,-37.46363167
"12,08,2009",02:12:22,47,54.3928,S,37,27.6152,W,1.7,0,47.90654667,37.46025333,-47.90654667,-37.46025333
"12,08,2009",02:32:36,47,54.6089,S,37,27.4379,W,2.7,2.5,47.91014833,37.45729833,-47.91014833,-37.45729833
"12,08,2009",02:54:19,47,57.1574,S,37,26.6547,W,7.5,53,47.95262333,37.444245,-47.95262333,-37.444245
"12,08,2009",03:14:38,48,3.5911,S,37,25.3535,W,5.9,54.2,48.05985167,37.42255833,-48.05985167,-37.42255833
"12,08,2009",03:35:01,48,9.4344,S,37,23.0066,W,5.5,66,48.15724,37.38344333,-48.15724,-37.38344333
"12,08,2009",03:55:55,48,15.2916,S,37,23.5506,W,5,57.4,48.25486,37.39251,-48.25486,-37.39251
"12,08,2009",04:16:51,48,20.5882,S,37,27.8487,W,1.7,0,48.34313667,37.464145,-48.34313667,-37.464145
"12,08,2009",04:37:00,48,20.7192,S,37,27.5635,W,2.2,3.5,48.34532,37.45939167,-48.34532,-37.45939167
"12,08,2009",04:57:08,48,20.878,S,37,27.3197,W,3.9,3.1,48.34796667,37.45532833,-48.34796667,-37.45532833
"12,08,2009",05:17:20,48,23.2053,S,37,28.7922,W,5.6,45.3,48.386755,37.47987,-48.386755,-37.47987
"12,08,2009",05:37:34,48,27.2052,S,37,33.767,W,2.7,52.5,48.45342,37.56278333,-48.45342,-37.56278333
"12,08,2009",05:58:29,48,31.0107,S,37,38.1226,W,1.5,47.7,48.516845,37.63537667,-48.516845,-37.63537667
"12,08,2009",06:18:50,48,35.563,S,37,35.6662,W,2.5,52.5,48.59271667,37.59443667,-48.59271667,-37.59443667
"12,08,2009",06:41:11,48,40.0761,S,37,29.2502,W,1.2,62.8,48.667935,37.48750333,-48.667935,-37.48750333
"12,08,2009",07:01:21,48,43.2806,S,37,27.8603,W,2.2,0,48.72134333,37.46433833,-48.72134333,-37.46433833
"12,08,2009",07:21:34,48,43.3794,S,37,27.5357,W,2.5,0,48.72299,37.45892833,-48.72299,-37.45892833
"12,08,2009",07:41:46,48,43.4212,S,37,27.165,W,2.5,0,48.72368667,37.45275,-48.72368667,-37.45275
"12,08,2009",08:02:14,48,44.875,S,37,23.5052,W,2.4,73.9,48.74791667,37.39175333,-48.74791667,-37.39175333
"12,08,2009",08:24:00,48,48.4553,S,37,19.8868,W,5.6,51.8,48.80758833,37.33144667,-48.80758833,-37.33144667
"12,08,2009",08:45:07,48,52.1964,S,37,19.2097,W,3.2,54.9,48.86994,37.32016167,-48.86994,-37.32016167
"12,08,2009",09:06:23,48,55.7433,S,37,21.47,W,4.8,78.2,48.929055,37.35783333,-48.929055,-37.35783333
"12,08,2009",09:27:03,48,57.5158,S,37,27.6394,W,3.5,91.2,48.95859667,37.46065667,-48.95859667,-37.46065667
"12,08,2009",09:48:44,48,57.462,S,37,35.609,W,2,25.2,48.9577,37.59348333,-48.9577,-37.59348333
"12,08,2009",10:09:01,48,56.2529,S,37,47.0288,W,1.5,56.2,48.93754833,37.78381333,-48.93754833,-37.78381333
"12,08,2009",10:29:28,48,59.5782,S,37,49.6331,W,1.2,46,48.99297,37.82721833,-48.99297,-37.82721833
"12,08,2009",10:50:06,49,0.4169,S,37,59.5441,W,1.2,51.8,49.00694833,37.99240167,-49.00694833,-37.99240167
"12,08,2009",11:10:46,48,59.5734,S,38,9.2593,W,1.2,88.3,48.99289,38.15432167,-48.99289,-38.15432167
"12,08,2009",11:31:21,48,59.679,S,38,16.627,W,5,77.7,48.99465,38.27711667,-48.99465,-38.27711667
"12,08,2009",11:53:38,49,2.5872,S,38,18.4201,W,5,29.5,49.04312,38.30700167,-49.04312,-38.30700167
"12,08,2009",12:14:44,49,4.5652,S,38,24.3254,W,2.7,46.7,49.07608667,38.40542333,-49.07608667,-38.40542333
"12,08,2009",12:42:44,49,1.7198,S,38,38.2271,W,1.7,63.9,49.02866333,38.63711833,-49.02866333,-38.63711833
"12,08,2009",13:03:12,49,1.7666,S,38,43.5469,W,1.8,30.7,49.02944333,38.72578167,-49.02944333,-38.72578167
"12,08,2009",13:26:57,49,1.1191,S,38,51.3583,W,3,41.5,49.01865167,38.85597167,-49.01865167,-38.85597167
"12,08,2009",13:48:37,48,59.3115,S,38,59.9469,W,1.5,35.8,48.988525,38.999115,-48.988525,-38.999115
"12,08,2009",14:08:46,49,0.4152,S,39,4.9565,W,1.7,24.4,49.00692,39.08260833,-49.00692,-39.08260833
"12,08,2009",14:29:03,49,4.0766,S,39,6.322,W,2.5,45,49.06794333,39.10536667,-49.06794333,-39.10536667
"12,08,2009",14:49:14,49,9.3358,S,39,1.4044,W,1.7,48.5,49.15559667,39.02340667,-49.15559667,-39.02340667
"12,08,2009",15:09:30,49,14.9628,S,38,56.1036,W,4,82.6,49.24938,38.93506,-49.24938,-38.93506
"12,08,2009",15:29:43,49,18.9226,S,38,51.7596,W,2.2,56.1,49.31537667,38.86266,-49.31537667,-38.86266
"12,08,2009",15:53:14,49,25.9401,S,38,47.3973,W,7,35.7,49.432335,38.789955,-49.432335,-38.789955
"12,08,2009",16:13:42,49,29.4918,S,38,43.4025,W,7.9,70.5,49.49153,38.723375,-49.49153,-38.723375
"12,08,2009",16:36:21,49,36.0616,S,38,41.6495,W,4.6,40,49.60102667,38.69415833,-49.60102667,-38.69415833
"12,08,2009",16:56:35,49,42.644,S,38,37.9579,W,3,65.9,49.71073333,38.63263167,-49.71073333,-38.63263167
"12,08,2009",17:16:45,49,50.2553,S,38,30.569,W,2,38.6,49.83758833,38.50948333,-49.83758833,-38.50948333
"12,08,2009",17:36:59,49,54.9682,S,38,25.3569,W,1.5,3.1,49.91613667,38.422615,-49.91613667,-38.422615
"12,08,2009",17:57:15,49,58.6388,S,38,23.4774,W,2.2,57.5,49.97731333,38.39129,-49.97731333,-38.39129
"12,08,2009",18:18:17,50,9.4655,S,38,17.1676,W,1.7,69.4,50.15775833,38.28612667,-50.15775833,-38.28612667
"12,08,2009",18:43:16,50,22.195,S,38,10.693,W,6.6,71.1,50.36991667,38.17821667,-50.36991667,-38.17821667
"12,08,2009",19:06:36,50,31.776,S,38,5.9235,W,2.9,42.5,50.5296,38.098725,-50.5296,-38.098725
"12,08,2009",19:26:53,50,42.0134,S,38,1.7143,W,2.7,37.1,50.70022333,38.02857167,-50.70022333,-38.02857167
"12,08,2009",19:47:32,50,51.0888,S,37,57.4796,W,3,41.5,50.85148,37.95799333,-50.85148,-37.95799333
"12,08,2009",20:08:01,51,0.7932,S,37,53.4004,W,3.2,41.6,51.01322,37.89000667,-51.01322,-37.89000667
"12,08,2009",20:28:29,51,3.2152,S,37,54.0065,W,3.2,21.9,51.05358667,37.90010833,-51.05358667,-37.90010833
"12,08,2009",20:49:40,50,57.5836,S,37,56.9582,W,1.7,18.5,50.95972667,37.94930333,-50.95972667,-37.94930333
"12,08,2009",21:10:43,50,53.802,S,37,57.8021,W,2.2,0,50.8967,37.96336833,-50.8967,-37.96336833
"12,08,2009",21:30:51,50,53.6614,S,37,56.7662,W,3.7,8,50.89435667,37.94610333,-50.89435667,-37.94610333
"12,08,2009",21:50:59,50,53.5242,S,37,55.7505,W,2.7,0,50.89207,37.929175,-50.89207,-37.929175
"12,08,2009",22:11:09,50,53.4032,S,37,54.7277,W,4.8,9.3,50.89005333,37.91212833,-50.89005333,-37.91212833
"12,08,2009",22:31:30,50,53.3391,S,37,53.6409,W,3.2,3.2,50.888985,37.894015,-50.888985,-37.894015
"12,08,2009",22:51:50,50,53.2171,S,37,52.5994,W,3.7,2.3,50.88695167,37.87665667,-50.88695167,-37.87665667
"12,08,2009",23:12:20,50,53.0669,S,37,51.6296,W,1.7,0,50.88444833,37.86049333,-50.88444833,-37.86049333
"12,08,2009",23:32:29,50,52.9223,S,37,50.7082,W,1.7,2.4,50.88203833,37.84513667,-50.88203833,-37.84513667
"12,08,2009",23:52:53,50,52.756,S,37,49.8905,W,1.7,5.2,50.87926667,37.83150833,-50.87926667,-37.83150833
"13,08,2009",00:13:19,50,53.4199,S,37,47.7407,W,1.7,4.4,50.89033167,37.79567833,-50.89033167,-37.79567833
"13,08,2009",00:33:34,50,53.1945,S,37,47.1214,W,2.9,68.4,50.886575,37.78535667,-50.886575,-37.78535667
"13,08,2009",00:53:40,50,53.1369,S,37,46.2635,W,3.4,3.1,50.885615,37.77105833,-50.885615,-37.77105833
"13,08,2009",01:14:08,50,52.9844,S,37,45.57,W,3,4.9,50.88307333,37.7595,-50.88307333,-37.7595
"13,08,2009",01:34:45,50,52.8257,S,37,44.8501,W,3.9,3.2,50.88042833,37.74750167,-50.88042833,-37.74750167
"13,08,2009",01:55:21,50,52.6008,S,37,42.8932,W,1.2,4.6,50.87668,37.71488667,-50.87668,-37.71488667
"13,08,2009",02:15:35,50,52.4348,S,37,42.1284,W,1.6,0,50.87391333,37.70214,-50.87391333,-37.70214
"13,08,2009",02:36:14,50,52.2674,S,37,41.3539,W,2.2,3.7,50.87112333,37.68923167,-50.87112333,-37.68923167
"13,08,2009",02:56:52,50,52.111,S,37,40.5852,W,1.2,2.7,50.86851667,37.67642,-50.86851667,-37.67642
"13,08,2009",03:17:20,50,51.9527,S,37,39.8435,W,1.5,4.4,50.86587833,37.66405833,-50.86587833,-37.66405833
"13,08,2009",03:37:38,50,51.7986,S,37,39.1008,W,2,5.1,50.86331,37.65168,-50.86331,-37.65168
"13,08,2009",03:58:20,50,51.6317,S,37,38.3708,W,1.7,0,50.86052833,37.63951333,-50.86052833,-37.63951333
"13,08,2009",04:18:29,50,51.4824,S,37,37.6238,W,2.9,4.9,50.85804,37.62706333,-50.85804,-37.62706333
"13,08,2009",04:38:42,50,51.332,S,37,36.904,W,1.6,3.5,50.85553333,37.61506667,-50.85553333,-37.61506667
"13,08,2009",04:59:18,50,51.189,S,37,36.1972,W,1.1,0,50.85315,37.60328667,-50.85315,-37.60328667
"13,08,2009",05:19:48,50,51.0512,S,37,35.482,W,1.7,3.5,50.85085333,37.59136667,-50.85085333,-37.59136667
"13,08,2009",05:39:56,50,50.9169,S,37,34.8108,W,1.7,8.2,50.848615,37.58018,-50.848615,-37.58018
"13,08,2009",06:00:08,50,50.8006,S,37,34.1135,W,2,2.9,50.84667667,37.56855833,-50.84667667,-37.56855833
"13,08,2009",06:20:20,50,50.6889,S,37,33.4507,W,4,2.6,50.844815,37.55751167,-50.844815,-37.55751167
"13,08,2009",06:40:33,50,47.7335,S,37,35.3638,W,1.5,54.4,50.79555833,37.58939667,-50.79555833,-37.58939667
"13,08,2009",07:00:44,50,44.4201,S,37,36.6577,W,5.8,0,50.740335,37.61096167,-50.740335,-37.61096167
"13,08,2009",07:20:52,50,44.377,S,37,36.2594,W,2.2,0,50.73961667,37.60432333,-50.73961667,-37.60432333
"13,08,2009",07:41:04,50,44.3675,S,37,35.9007,W,6.1,0,50.73945833,37.598345,-50.73945833,-37.598345
"13,08,2009",08:01:50,50,44.383,S,37,35.5125,W,3.4,0,50.73971667,37.591875,-50.73971667,-37.591875
"13,08,2009",08:21:57,50,44.3832,S,37,35.1672,W,4.3,2.6,50.73972,37.58612,-50.73972,-37.58612
"13,08,2009",08:42:10,50,43.8352,S,37,33.1884,W,3.9,45.4,50.73058667,37.55314,-50.73058667,-37.55314
"13,08,2009",09:02:24,50,45.8928,S,37,28.2583,W,2.5,63.5,50.76488,37.47097167,-50.76488,-37.47097167
"13,08,2009",09:22:41,50,52.708,S,37,19.4155,W,3.2,58.4,50.87846667,37.32359167,-50.87846667,-37.32359167
"13,08,2009",09:42:57,51,1.6228,S,37,12.7872,W,3,70.9,51.02704667,37.21312,-51.02704667,-37.21312
"13,08,2009",10:03:15,51,11.477,S,37,6.0576,W,3.2,58.3,51.19128333,37.10096,-51.19128333,-37.10096
"13,08,2009",10:26:24,51,23.0705,S,36,59.4911,W,3,79.4,51.38450833,36.99151833,-51.38450833,-36.99151833
"13,08,2009",10:47:27,51,34.4846,S,36,55.1127,W,2.4,47.1,51.57474333,36.918545,-51.57474333,-36.918545
"13,08,2009",11:07:49,51,39.4408,S,37,4.0263,W,3.2,83.8,51.65734667,37.067105,-51.65734667,-37.067105
"13,08,2009",11:28:07,51,40.9455,S,37,23.1569,W,7.5,89.2,51.682425,37.38594833,-51.682425,-37.38594833
"13,08,2009",11:49:10,51,42.7148,S,37,45.9458,W,2.5,86.1,51.71191333,37.76576333,-51.71191333,-37.76576333
"13,08,2009",12:09:54,51,50.8641,S,37,57.0057,W,3.7,66.4,51.847735,37.950095,-51.847735,-37.950095
"13,08,2009",12:34:50,52,7.469,S,38,2.116,W,7.4,65.1,52.12448333,38.03526667,-52.12448333,-38.03526667
"13,08,2009",12:57:06,52,23.3044,S,38,6.2223,W,4.3,66.7,52.38840667,38.103705,-52.38840667,-38.103705
"13,08,2009",13:18:06,52,27.2367,S,38,22.8545,W,2.5,107.9,52.453945,38.38090833,-52.453945,-38.38090833
"13,08,2009",13:38:25,52,22.7898,S,38,45.9134,W,11.8,110.1,52.37983,38.76522333,-52.37983,-38.76522333
"13,08,2009",13:59:50,52,20.8073,S,39,10.9324,W,1.3,120.2,52.34678833,39.18220667,-52.34678833,-39.18220667
"13,08,2009",14:20:07,52,21.2687,S,39,28.9943,W,2.2,105.4,52.35447833,39.48323833,-52.35447833,-39.48323833
"13,08,2009",14:40:18,52,21.8385,S,39,44.8397,W,2.7,56.4,52.363975,39.74732833,-52.363975,-39.74732833
"13,08,2009",15:00:36,52,22.8811,S,39,50.2741,W,4.9,41,52.38135167,39.83790167,-52.38135167,-39.83790167
"13,08,2009",15:21:22,52,29.3823,S,39,59.4297,W,3.7,66.7,52.489705,39.990495,-52.489705,-39.990495
"13,08,2009",15:42:20,52,35.9972,S,40,7.4249,W,1.8,58.5,52.59995333,40.12374833,-52.59995333,-40.12374833
"13,08,2009",16:02:28,52,42.0372,S,40,17.1286,W,3,47.1,52.70062,40.28547667,-52.70062,-40.28547667
"13,08,2009",16:23:36,52,49.9824,S,40,25.3245,W,2.9,50.4,52.83304,40.422075,-52.83304,-40.422075
"13,08,2009",16:43:50,52,59.2805,S,40,30.0926,W,3.4,81.6,52.98800833,40.50154333,-52.98800833,-40.50154333
"13,08,2009",17:04:27,53,9.3269,S,40,40.6664,W,2.2,94.5,53.15544833,40.67777333,-53.15544833,-40.67777333
"13,08,2009",17:25:07,53,17.6752,S,40,48.5837,W,3.2,6.9,53.29458667,40.80972833,-53.29458667,-40.80972833
"13,08,2009",17:45:17,53,24.4282,S,40,58.8451,W,2.7,101.7,53.40713667,40.98075167,-53.40713667,-40.98075167
"13,08,2009",18:05:38,53,22.2844,S,41,9.4098,W,2.5,108.8,53.37140667,41.15683,-53.37140667,-41.15683
"13,08,2009",18:26:08,53,31.9544,S,41,19.5209,W,2,72.6,53.53257333,41.32534833,-53.53257333,-41.32534833
"13,08,2009",18:46:56,53,29.492,S,41,20.6743,W,4.4,43.5,53.49153333,41.34457167,-53.49153333,-41.34457167
"13,08,2009",19:09:12,53,26.7644,S,41,22.0419,W,2.2,42.8,53.44607333,41.367365,-53.44607333,-41.367365
"13,08,2009",19:30:42,53,32.9208,S,41,29.5838,W,2,84.4,53.54868,41.49306333,-53.54868,-41.49306333
"13,08,2009",19:50:56,53,41.6398,S,41,36.6018,W,2.4,80.2,53.69399667,41.61003,-53.69399667,-41.61003
"13,08,2009",20:11:08,53,47.7647,S,41,42.2333,W,2.5,40.6,53.79607833,41.70388833,-53.79607833,-41.70388833
"13,08,2009",20:31:33,53,50.8353,S,41,46.0153,W,1.7,28,53.847255,41.76692167,-53.847255,-41.76692167
"13,08,2009",20:51:47,53,53.5797,S,41,49.3648,W,2.7,3.5,53.892995,41.82274667,-53.892995,-41.82274667
"13,08,2009",21:12:27,53,53.6249,S,41,49.8751,W,2,6.3,53.89374833,41.83125167,-53.89374833,-41.83125167
"13,08,2009",21:33:09,53,53.5692,S,41,50.3798,W,1.6,3,53.89282,41.83966333,-53.89282,-41.83966333
"13,08,2009",21:53:23,53,53.2776,S,41,50.7365,W,3.4,5.8,53.88796,41.84560833,-53.88796,-41.84560833
"13,08,2009",22:13:42,53,53.1763,S,41,51.2459,W,3,0,53.88627167,41.85409833,-53.88627167,-41.85409833
"13,08,2009",22:34:36,53,53.2538,S,41,51.9634,W,1.2,4.1,53.88756333,41.86605667,-53.88756333,-41.86605667
"13,08,2009",22:54:53,53,53.3519,S,41,52.6889,W,5.5,2.2,53.88919833,41.87814833,-53.88919833,-41.87814833
"13,08,2009",23:15:00,53,53.7157,S,41,53.8002,W,3.2,1.9,53.89526167,41.89667,-53.89526167,-41.89667
"13,08,2009",23:35:13,53,56.1097,S,41,58.5771,W,2.5,44.9,53.93516167,41.976285,-53.93516167,-41.976285
"13,08,2009",23:55:26,53,58.3968,S,42,3.7288,W,2.9,2.9,53.97328,42.06214667,-53.97328,-42.06214667
"14,08,2009",00:15:32,53,58.3209,S,42,4.0824,W,6.5,1.9,53.972015,42.06804,-53.972015,-42.06804
"14,08,2009",00:35:44,53,58.894,S,42,6.5572,W,5.5,53.4,53.98156667,42.10928667,-53.98156667,-42.10928667
"14,08,2009",00:56:01,54,0.4406,S,42,9.6503,W,11.8,67.5,54.00734333,42.16083833,-54.00734333,-42.16083833
"14,08,2009",01:17:20,54,1.7843,S,42,11.1841,W,5.5,24.3,54.02973833,42.18640167,-54.02973833,-42.18640167
"14,08,2009",01:38:09,54,6.0474,S,42,18.984,W,4.9,43.4,54.10079,42.3164,-54.10079,-42.3164
"14,08,2009",01:58:28,54,7.9189,S,42,22.8016,W,4.9,46.9,54.13198167,42.38002667,-54.13198167,-42.38002667
"14,08,2009",02:18:50,54,11.6969,S,42,29.2076,W,7.5,42.7,54.19494833,42.48679333,-54.19494833,-42.48679333
"14,08,2009",02:39:21,54,14.7256,S,42,33.5395,W,3.2,0,54.24542667,42.55899167,-54.24542667,-42.55899167
"14,08,2009",02:59:38,54,14.7377,S,42,33.8488,W,3.5,5.1,54.24562833,42.56414667,-54.24562833,-42.56414667
"14,08,2009",03:20:01,54,13.4933,S,42,31.1394,W,5.3,11.4,54.22488833,42.51899,-54.22488833,-42.51899
"14,08,2009",03:40:25,54,12.4489,S,42,28.7517,W,7,53.5,54.20748167,42.479195,-54.20748167,-42.479195
"14,08,2009",04:03:35,54,11.3558,S,42,21.6894,W,2.2,76.8,54.18926333,42.36149,-54.18926333,-42.36149
"14,08,2009",04:23:44,54,12.761,S,42,18.2336,W,4,35.4,54.21268333,42.30389333,-54.21268333,-42.30389333
"14,08,2009",04:44:37,54,15.7488,S,42,18.9974,W,2.2,42.2,54.26248,42.31662333,-54.26248,-42.31662333
"14,08,2009",05:04:48,54,16.862,S,42,15.3294,W,3.4,30.4,54.28103333,42.25549,-54.28103333,-42.25549
"14,08,2009",05:25:49,54,18.1814,S,42,11.1729,W,5,36.5,54.30302333,42.186215,-54.30302333,-42.186215
"14,08,2009",05:45:56,54,20.3052,S,42,14.0743,W,2.4,60.6,54.33842,42.23457167,-54.33842,-42.23457167
"14,08,2009",06:06:09,54,23.1201,S,42,15.663,W,2.5,25.5,54.385335,42.26105,-54.385335,-42.26105
"14,08,2009",06:26:26,54,25.5113,S,42,13.137,W,2.5,74.2,54.42518833,42.21895,-54.42518833,-42.21895
"14,08,2009",06:46:53,54,23.195,S,42,3.5367,W,6.9,76.7,54.38658333,42.058945,-54.38658333,-42.058945
"14,08,2009",07:08:54,54,19.7907,S,41,53.1388,W,6.9,70.3,54.329845,41.88564667,-54.329845,-41.88564667
"14,08,2009",07:30:20,54,15.2565,S,41,41.3738,W,3.5,80.7,54.254275,41.68956333,-54.254275,-41.68956333
"14,08,2009",07:50:40,54,10.9075,S,41,28.7572,W,3,71.9,54.18179167,41.47928667,-54.18179167,-41.47928667
"14,08,2009",08:12:19,54,4.2119,S,41,15.0757,W,1.7,55.2,54.07019833,41.25126167,-54.07019833,-41.25126167
"14,08,2009",08:35:15,53,58.8089,S,40,59.0959,W,4.9,89.9,53.98014833,40.98493167,-53.98014833,-40.98493167
"14,08,2009",08:57:18,53,52.0497,S,40,56.69,W,2.2,83.8,53.867495,40.94483333,-53.867495,-40.94483333
"14,08,2009",09:17:58,53,46.4032,S,40,40.2227,W,3.2,63.3,53.77338667,40.67037833,-53.77338667,-40.67037833
"14,08,2009",09:38:12,53,40.3346,S,40,19.8224,W,2.5,95.7,53.67224333,40.33037333,-53.67224333,-40.33037333
"14,08,2009",09:58:41,53,30.7042,S,40,5.2925,W,3.7,60.8,53.51173667,40.08820833,-53.51173667,-40.08820833
"14,08,2009",10:18:50,53,32.9416,S,39,48.649,W,2.7,77,53.54902667,39.81081667,-53.54902667,-39.81081667
"14,08,2009",10:38:59,53,34.8377,S,39,30.501,W,3.7,62.5,53.58062833,39.50835,-53.58062833,-39.50835
"14,08,2009",11:00:20,53,38.1334,S,39,16.2851,W,1.2,46.4,53.63555667,39.27141833,-53.63555667,-39.27141833
"14,08,2009",11:24:14,53,43.8513,S,39,1.1617,W,6,56,53.730855,39.01936167,-53.730855,-39.01936167
"14,08,2009",11:45:43,53,45.9752,S,38,42.4888,W,4.3,60,53.76625333,38.70814667,-53.76625333,-38.70814667
"14,08,2009",12:06:09,53,48.2906,S,38,28.4903,W,5.4,62.3,53.80484333,38.47483833,-53.80484333,-38.47483833
"14,08,2009",12:26:25,53,49.4276,S,38,23.0836,W,1.7,48.2,53.82379333,38.38472667,-53.82379333,-38.38472667
"14,08,2009",12:46:42,53,55.2548,S,38,7.9208,W,1.7,56.8,53.92091333,38.13201333,-53.92091333,-38.13201333
"14,08,2009",13:06:59,54,1.288,S,38,4.5023,W,6.5,91,54.02146667,38.07503833,-54.02146667,-38.07503833
"14,08,2009",13:27:38,54,0.5463,S,38,3.9476,W,3.9,0,54.009105,38.06579333,-54.009105,-38.06579333
